artifact,dataset,model,operator,fold,branches,residual_mode,timestamp,matrix_name,mean_cka_depth,max_cka_depth,min_cka_depth
cka_depth,DD,HorizontalRes,GCNConv,0,B1,identity,20260507_080131,cka_depth,0.7451711363262601,1.0,0.39951276779174805
cka_depth,DD,HorizontalRes,GCNConv,0,B2,identity,20260507_080428,cka_depth,0.792452355225881,1.0,0.45784318447113037
cka_depth,DD,HorizontalRes,GCNConv,0,B3,identity,20260506_220125,cka_depth,0.8215384946929084,1.0,0.5543695688247681
cka_depth,DD,HorizontalRes,GCNConv,0,B3,identity,20260506_222850,cka_depth,0.8045893775092231,1.0,0.5170314908027649
cka_depth,DD,HorizontalRes,GCNConv,0,B3,identity,20260507_080744,cka_depth,0.8059209055370755,1.0,0.5269718766212463
cka_depth,DD,HorizontalRes,GCNConv,0,B4,identity,20260507_081259,cka_depth,0.80716872215271,1.000000238418579,0.5156586170196533
cka_depth,DD,HorizontalRes,GCNConv,0,B5,identity,20260507_081815,cka_depth,0.8173472285270691,1.0,0.5306177735328674
cka_depth,DD,HorizontalRes,GCNConv,0,B6,identity,20260507_083144,cka_depth,0.8128150039248996,1.0,0.5621756911277771
cka_depth,DD,HorizontalRes,GCNConv,0,B7,identity,20260507_084435,cka_depth,0.7865103350745307,1.0,0.47938764095306396
cka_depth,DD,HorizontalRes,GCNConv,0,B8,identity,20260507_085842,cka_depth,0.751341826385922,1.0,0.4569851756095886
cka_depth,DD,HorizontalRes,GCNConv,1,B1,identity,20260507_080133,cka_depth,0.9276474979188707,1.0,0.8162587881088257
cka_depth,DD,HorizontalRes,GCNConv,1,B2,identity,20260507_080434,cka_depth,0.9409667650858561,1.0,0.849376380443573
cka_depth,DD,HorizontalRes,GCNConv,1,B3,identity,20260506_222945,cka_depth,0.9067080948087904,1.0,0.7584176659584045
cka_depth,DD,HorizontalRes,GCNConv,1,B3,identity,20260507_080912,cka_depth,0.9087526665793525,1.0,0.764060914516449
cka_depth,DD,HorizontalRes,GCNConv,1,B4,identity,20260507_081317,cka_depth,0.8991734915309482,1.0,0.7365386486053467
cka_depth,DD,HorizontalRes,GCNConv,1,B5,identity,20260507_082034,cka_depth,0.8020337886280484,1.000000238418579,0.5331878066062927
cka_depth,DD,HorizontalRes,GCNConv,1,B6,identity,20260507_083052,cka_depth,0.9213093982802497,1.0,0.7942929863929749
cka_depth,DD,HorizontalRes,GCNConv,1,B7,identity,20260507_084403,cka_depth,0.9279352691438463,1.0,0.8234164118766785
cka_depth,DD,HorizontalRes,GCNConv,1,B8,identity,20260507_090250,cka_depth,0.8825227816899618,1.0,0.6985049247741699
cka_depth,DD,HorizontalRes,GCNConv,2,B1,identity,20260507_075921,cka_depth,0.9439496133062575,1.0000001192092896,0.845978319644928
cka_depth,DD,HorizontalRes,GCNConv,2,B2,identity,20260507_080344,cka_depth,0.9691899882422553,1.0,0.9158951640129089
cka_depth,DD,HorizontalRes,GCNConv,2,B3,identity,20260506_222853,cka_depth,0.9624871214230856,1.0,0.8981911540031433
cka_depth,DD,HorizontalRes,GCNConv,2,B3,identity,20260507_080729,cka_depth,0.962193681134118,1.0,0.8973320126533508
cka_depth,DD,HorizontalRes,GCNConv,2,B4,identity,20260507_081217,cka_depth,0.9679873718155755,1.0,0.9134451746940613
cka_depth,DD,HorizontalRes,GCNConv,2,B5,identity,20260507_081758,cka_depth,0.9894519911872016,1.0000001192092896,0.973869264125824
cka_depth,DD,HorizontalRes,GCNConv,2,B6,identity,20260507_082721,cka_depth,0.9817471239301894,1.0000001192092896,0.9552711844444275
cka_depth,DD,HorizontalRes,GCNConv,2,B7,identity,20260507_084116,cka_depth,0.9865990082422892,1.0,0.9651129841804504
cka_depth,DD,HorizontalRes,GCNConv,2,B8,identity,20260507_085447,cka_depth,0.9539419081475999,1.0000003576278687,0.8678653836250305
cka_depth,DD,HorizontalRes,GCNConv,3,B1,identity,20260507_080159,cka_depth,0.7505144543117948,1.0,0.46949121356010437
cka_depth,DD,HorizontalRes,GCNConv,3,B2,identity,20260507_080600,cka_depth,0.818566812409295,1.0,0.6259469985961914
cka_depth,DD,HorizontalRes,GCNConv,3,B3,identity,20260506_223023,cka_depth,0.7879744900597466,1.000000238418579,0.5416744351387024
cka_depth,DD,HorizontalRes,GCNConv,3,B3,identity,20260507_081025,cka_depth,0.7957432071367899,1.0,0.5531447529792786
cka_depth,DD,HorizontalRes,GCNConv,3,B4,identity,20260507_081539,cka_depth,0.8495417568418715,1.0,0.6597289443016052
cka_depth,DD,HorizontalRes,GCNConv,3,B5,identity,20260507_082259,cka_depth,0.8558165298567878,1.000000238418579,0.6663198471069336
cka_depth,DD,HorizontalRes,GCNConv,3,B6,identity,20260507_083353,cka_depth,0.919225295384725,1.0,0.8020590543746948
cka_depth,DD,HorizontalRes,GCNConv,3,B7,identity,20260507_084923,cka_depth,0.8611115349663628,1.0,0.6800335049629211
cka_depth,DD,HorizontalRes,GCNConv,3,B8,identity,20260507_090604,cka_depth,0.7463211880789863,1.0,0.4145369231700897
cka_depth,DD,HorizontalRes,GCNConv,4,B1,identity,20260507_080232,cka_depth,0.9706195659107633,1.0,0.9229705929756165
cka_depth,DD,HorizontalRes,GCNConv,4,B2,identity,20260507_080544,cka_depth,0.9783270623948839,1.0,0.9429409503936768
cka_depth,DD,HorizontalRes,GCNConv,4,B3,identity,20260506_222946,cka_depth,0.9676966269810995,1.0,0.9113326072692871
cka_depth,DD,HorizontalRes,GCNConv,4,B3,identity,20260507_080918,cka_depth,0.9673669073316786,1.000000238418579,0.9103317856788635
cka_depth,DD,HorizontalRes,GCNConv,4,B4,identity,20260507_081457,cka_depth,0.9849270582199097,1.0,0.9596713185310364
cka_depth,DD,HorizontalRes,GCNConv,4,B5,identity,20260507_082051,cka_depth,0.9907615184783936,1.0,0.9786800146102905
cka_depth,DD,HorizontalRes,GCNConv,4,B6,identity,20260507_083618,cka_depth,0.9963197045856051,1.0000001192092896,0.9915600419044495
cka_depth,DD,HorizontalRes,GCNConv,4,B7,identity,20260507_084858,cka_depth,0.9908755222956339,1.0,0.9773322939872742
cka_depth,DD,HorizontalRes,GCNConv,4,B8,identity,20260507_090423,cka_depth,0.976571692360772,1.000000238418579,0.9336363673210144
cka_depth,DD,MatrixResGated,GCNConv,0,B1,sparse,20260507_100211,cka_depth,0.8629141648610433,1.0000001192092896,0.6212071180343628
cka_depth,DD,MatrixResGated,GCNConv,0,B2,sparse,20260507_100630,cka_depth,0.8524993393156264,1.000000238418579,0.608441948890686
cka_depth,DD,MatrixResGated,GCNConv,0,B3,sparse,20260506_220134,cka_depth,0.7959410614437528,1.0,0.46109431982040405
cka_depth,DD,MatrixResGated,GCNConv,0,B3,sparse,20260506_223423,cka_depth,0.8479476107491387,1.0000001192092896,0.6037114262580872
cka_depth,DD,MatrixResGated,GCNConv,0,B3,sparse,20260507_084029,cka_depth,0.8961294756995307,1.0,0.7295381426811218
cka_depth,DD,MatrixResGated,GCNConv,0,B3,sparse,20260507_084411,cka_depth,0.8417449924680922,1.0,0.584347665309906
cka_depth,DD,MatrixResGated,GCNConv,0,B3,sparse,20260507_084458,cka_depth,0.8416447109646268,1.000000238418579,0.5863884091377258
cka_depth,DD,MatrixResGated,GCNConv,0,B3,sparse,20260507_084733,cka_depth,0.8768973880343967,1.0,0.6690876483917236
cka_depth,DD,MatrixResGated,GCNConv,0,B3,sparse,20260507_084843,cka_depth,0.8899914820988973,1.000000238418579,0.7127745747566223
cka_depth,DD,MatrixResGated,GCNConv,0,B3,sparse,20260507_084944,cka_depth,0.8309648368093703,1.0,0.564391553401947
cka_depth,DD,MatrixResGated,GCNConv,0,B3,sparse,20260507_085156,cka_depth,0.8128783570395576,1.0,0.5010554790496826
cka_depth,DD,MatrixResGated,GCNConv,0,B3,sparse,20260507_085303,cka_depth,0.7982710533671908,1.0,0.46739980578422546
cka_depth,DD,MatrixResGated,GCNConv,0,B3,sparse,20260507_085353,cka_depth,0.8779484166039361,1.0000001192092896,0.6680023074150085
cka_depth,DD,MatrixResGated,GCNConv,0,B3,sparse,20260507_085613,cka_depth,0.84735506772995,1.0,0.6007316708564758
cka_depth,DD,MatrixResGated,GCNConv,0,B3,sparse,20260507_085803,cka_depth,0.8268079492780898,1.0,0.519953727722168
cka_depth,DD,MatrixResGated,GCNConv,0,B3,sparse,20260507_085958,cka_depth,0.870709584818946,1.0,0.6603739261627197
cka_depth,DD,MatrixResGated,GCNConv,0,B3,sparse,20260507_090029,cka_depth,0.8558455175823636,1.0,0.6050431728363037
cka_depth,DD,MatrixResGated,GCNConv,0,B3,sparse,20260507_090225,cka_depth,0.8451822929912143,1.0000001192092896,0.5973066687583923
cka_depth,DD,MatrixResGated,GCNConv,0,B3,sparse,20260507_090507,cka_depth,0.8208128213882446,1.0,0.5540645718574524
cka_depth,DD,MatrixResGated,GCNConv,0,B3,sparse,20260507_090601,cka_depth,0.8385841647783915,1.0,0.5771293044090271
cka_depth,DD,MatrixResGated,GCNConv,0,B3,sparse,20260507_090946,cka_depth,0.8788947330580817,1.0,0.6717424988746643
cka_depth,DD,MatrixResGated,GCNConv,0,B3,sparse,20260507_091221,cka_depth,0.8444711632198758,1.0000001192092896,0.5937214493751526
cka_depth,DD,MatrixResGated,GCNConv,0,B3,sparse,20260507_091253,cka_depth,0.8639451662699381,1.0,0.6558898687362671
cka_depth,DD,MatrixResGated,GCNConv,0,B3,sparse,20260507_100929,cka_depth,0.8445080253813002,1.0000001192092896,0.5954280495643616
cka_depth,DD,MatrixResGated,GCNConv,0,B4,sparse,20260507_101254,cka_depth,0.8637933731079102,1.0,0.6360424160957336
cka_depth,DD,MatrixResGated,GCNConv,0,B5,sparse,20260507_101837,cka_depth,0.8081605898009406,1.0,0.4930979609489441
cka_depth,DD,MatrixResGated,GCNConv,0,B6,sparse,20260507_102427,cka_depth,0.824791881773207,1.0,0.5388805270195007
cka_depth,DD,MatrixResGated,GCNConv,0,B7,sparse,20260507_103151,cka_depth,0.8543910913997226,1.000000238418579,0.6063805818557739
cka_depth,DD,MatrixResGated,GCNConv,0,B8,sparse,20260507_103803,cka_depth,0.880801154507531,1.0,0.7003180384635925
cka_depth,DD,MatrixResGated,GCNConv,1,B1,sparse,20260507_100337,cka_depth,0.9644941886266073,1.0,0.9091757535934448
cka_depth,DD,MatrixResGated,GCNConv,1,B2,sparse,20260507_100658,cka_depth,0.9801075524753995,1.0,0.9495592713356018
cka_depth,DD,MatrixResGated,GCNConv,1,B3,sparse,20260506_223526,cka_depth,0.9658159679836698,1.0,0.9129434823989868
cka_depth,DD,MatrixResGated,GCNConv,1,B3,sparse,20260507_101020,cka_depth,0.9674173593521118,1.0,0.916751503944397
cka_depth,DD,MatrixResGated,GCNConv,1,B4,sparse,20260507_101433,cka_depth,0.9713018602795072,1.0,0.9278149008750916
cka_depth,DD,MatrixResGated,GCNConv,1,B5,sparse,20260507_101852,cka_depth,0.9319964382383559,1.0,0.8315197229385376
cka_depth,DD,MatrixResGated,GCNConv,1,B6,sparse,20260507_102531,cka_depth,0.9019498758845859,1.0000001192092896,0.7567026615142822
cka_depth,DD,MatrixResGated,GCNConv,1,B7,sparse,20260507_103147,cka_depth,0.8754722409778171,1.0,0.6821264624595642
cka_depth,DD,MatrixResGated,GCNConv,1,B8,sparse,20260507_104116,cka_depth,0.842923899491628,1.0,0.6463756561279297
cka_depth,DD,MatrixResGated,GCNConv,2,B1,sparse,20260507_100357,cka_depth,0.9612871342235141,1.0,0.8964238166809082
cka_depth,DD,MatrixResGated,GCNConv,2,B2,sparse,20260507_100639,cka_depth,0.9717617895868089,1.0000001192092896,0.9263138771057129
cka_depth,DD,MatrixResGated,GCNConv,2,B3,sparse,20260506_223451,cka_depth,0.968842625617981,1.0,0.919515073299408
cka_depth,DD,MatrixResGated,GCNConv,2,B3,sparse,20260507_101018,cka_depth,0.9688182804319594,1.0,0.9194701313972473
cka_depth,DD,MatrixResGated,GCNConv,2,B4,sparse,20260507_101313,cka_depth,0.9607966012424893,1.0,0.9014944434165955
cka_depth,DD,MatrixResGated,GCNConv,2,B5,sparse,20260507_101726,cka_depth,0.9611505402459039,1.0,0.9035578370094299
cka_depth,DD,MatrixResGated,GCNConv,2,B6,sparse,20260507_102322,cka_depth,0.9680865340762668,1.0,0.9197962880134583
cka_depth,DD,MatrixResGated,GCNConv,2,B7,sparse,20260507_103029,cka_depth,0.9606667889489068,1.0,0.899038553237915
cka_depth,DD,MatrixResGated,GCNConv,2,B8,sparse,20260507_103845,cka_depth,0.96552398469713,1.0,0.9084613919258118
cka_depth,DD,MatrixResGated,GCNConv,3,B1,sparse,20260507_100432,cka_depth,0.9023813803990682,1.0,0.7447783350944519
cka_depth,DD,MatrixResGated,GCNConv,3,B2,sparse,20260507_100855,cka_depth,0.8212766183747185,1.0,0.5258700251579285
cka_depth,DD,MatrixResGated,GCNConv,3,B3,sparse,20260506_223613,cka_depth,0.8421907557381524,1.0,0.5822667479515076
cka_depth,DD,MatrixResGated,GCNConv,3,B3,sparse,20260507_101126,cka_depth,0.8494338525666131,1.0,0.6015505194664001
cka_depth,DD,MatrixResGated,GCNConv,3,B4,sparse,20260507_101523,cka_depth,0.8779475490252177,1.0,0.6710062623023987
cka_depth,DD,MatrixResGated,GCNConv,3,B5,sparse,20260507_102049,cka_depth,0.807400213347541,1.0000001192092896,0.4683079719543457
cka_depth,DD,MatrixResGated,GCNConv,3,B6,sparse,20260507_102655,cka_depth,0.9170115987459818,1.0,0.7784034013748169
cka_depth,DD,MatrixResGated,GCNConv,3,B7,sparse,20260507_103513,cka_depth,0.9093753298123678,1.0,0.7551800608634949
cka_depth,DD,MatrixResGated,GCNConv,3,B8,sparse,20260507_104254,cka_depth,0.879644493261973,1.0,0.6772085428237915
cka_depth,DD,MatrixResGated,GCNConv,4,B1,sparse,20260507_100438,cka_depth,0.9728115399678549,1.0,0.932053804397583
cka_depth,DD,MatrixResGated,GCNConv,4,B2,sparse,20260507_100745,cka_depth,0.9751936594645182,1.0,0.9387439489364624
cka_depth,DD,MatrixResGated,GCNConv,4,B3,sparse,20260506_223605,cka_depth,0.967500752872891,1.0000001192092896,0.9171441793441772
cka_depth,DD,MatrixResGated,GCNConv,4,B3,sparse,20260507_101140,cka_depth,0.9674815800454881,1.0,0.9170833826065063
cka_depth,DD,MatrixResGated,GCNConv,4,B4,sparse,20260507_101458,cka_depth,0.9622742070092095,1.0,0.9075135588645935
cka_depth,DD,MatrixResGated,GCNConv,4,B5,sparse,20260507_102044,cka_depth,0.9580760796864828,1.0000001192092896,0.8934910893440247
cka_depth,DD,MatrixResGated,GCNConv,4,B6,sparse,20260507_102716,cka_depth,0.964942647351159,1.000000238418579,0.9115152359008789
cka_depth,DD,MatrixResGated,GCNConv,4,B7,sparse,20260507_103440,cka_depth,0.9566012952062819,1.0,0.8863579034805298
cka_depth,DD,MatrixResGated,GCNConv,4,B8,sparse,20260507_104131,cka_depth,0.9693415628539191,1.0,0.9241415858268738
cka_depth,DD,MatrixRes,GCNConv,0,B1,identity,20260507_091148,cka_depth,0.8428737454944186,1.0,0.5692009329795837
cka_depth,DD,MatrixRes,GCNConv,0,B2,identity,20260507_091452,cka_depth,0.8852924638324313,1.0,0.671358585357666
cka_depth,DD,MatrixRes,GCNConv,0,B3,identity,20260506_220130,cka_depth,0.9137951731681824,1.0000001192092896,0.7663477659225464
cka_depth,DD,MatrixRes,GCNConv,0,B3,identity,20260506_223200,cka_depth,0.8320503897137113,1.0,0.5282993912696838
cka_depth,DD,MatrixRes,GCNConv,0,B3,identity,20260507_082526,cka_depth,0.9072981410556369,1.0,0.7465792894363403
cka_depth,DD,MatrixRes,GCNConv,0,B3,identity,20260507_082557,cka_depth,0.8685797519154019,1.0,0.6258183717727661
cka_depth,DD,MatrixRes,GCNConv,0,B3,identity,20260507_082600,cka_depth,0.8304416206147935,1.0,0.5246661305427551
cka_depth,DD,MatrixRes,GCNConv,0,B3,identity,20260507_083013,cka_depth,0.8895157972971598,1.0,0.713534414768219
cka_depth,DD,MatrixRes,GCNConv,0,B3,identity,20260507_083052,cka_depth,0.8607056670718722,1.000000238418579,0.6080161333084106
cka_depth,DD,MatrixRes,GCNConv,0,B3,identity,20260507_083113,cka_depth,0.8330261773533292,1.0,0.5357053875923157
cka_depth,DD,MatrixRes,GCNConv,0,B3,identity,20260507_083510,cka_depth,0.8535659246974521,1.0,0.5864875912666321
cka_depth,DD,MatrixRes,GCNConv,0,B3,identity,20260507_083551,cka_depth,0.8543739451302422,1.0,0.5889781713485718
cka_depth,DD,MatrixRes,GCNConv,0,B3,identity,20260507_083601,cka_depth,0.846237752172682,1.0,0.560025691986084
cka_depth,DD,MatrixRes,GCNConv,0,B3,identity,20260507_083936,cka_depth,0.8310049573580424,1.0,0.5318565368652344
cka_depth,DD,MatrixRes,GCNConv,0,B3,identity,20260507_084252,cka_depth,0.8565326995319791,1.0,0.5961817502975464
cka_depth,DD,MatrixRes,GCNConv,0,B3,identity,20260507_091841,cka_depth,0.8397348192003038,1.0,0.5490114092826843
cka_depth,DD,MatrixRes,GCNConv,0,B4,identity,20260507_092313,cka_depth,0.8205217917760214,1.0,0.5022256374359131
cka_depth,DD,MatrixRes,GCNConv,0,B5,identity,20260507_092952,cka_depth,0.8425719738006592,1.0,0.5680485963821411
cka_depth,DD,MatrixRes,GCNConv,0,B6,identity,20260507_093718,cka_depth,0.838870730664995,1.0,0.5537006258964539
cka_depth,DD,MatrixRes,GCNConv,0,B7,identity,20260507_094819,cka_depth,0.8494806289672852,1.0,0.5751277804374695
cka_depth,DD,MatrixRes,GCNConv,0,B8,identity,20260507_095714,cka_depth,0.8387919929292467,1.0,0.5470489263534546
cka_depth,DD,MatrixRes,GCNConv,1,B1,identity,20260507_091301,cka_depth,0.9719066884782579,1.000000238418579,0.9276440739631653
cka_depth,DD,MatrixRes,GCNConv,1,B2,identity,20260507_091548,cka_depth,0.979988866382175,1.0,0.9496036767959595
cka_depth,DD,MatrixRes,GCNConv,1,B3,identity,20260506_223212,cka_depth,0.9872991773817275,1.0,0.9679308533668518
cka_depth,DD,MatrixRes,GCNConv,1,B3,identity,20260507_091915,cka_depth,0.987653997209337,1.0,0.9684967398643494
cka_depth,DD,MatrixRes,GCNConv,1,B4,identity,20260507_092428,cka_depth,0.9840639299816556,1.0,0.9594330787658691
cka_depth,DD,MatrixRes,GCNConv,1,B5,identity,20260507_093055,cka_depth,0.977573937839932,1.0,0.9441732168197632
cka_depth,DD,MatrixRes,GCNConv,1,B6,identity,20260507_094006,cka_depth,0.975490027003818,1.0,0.9377644062042236
cka_depth,DD,MatrixRes,GCNConv,1,B7,identity,20260507_094832,cka_depth,0.9351020654042562,1.0,0.8352132439613342
cka_depth,DD,MatrixRes,GCNConv,1,B8,identity,20260507_100055,cka_depth,0.9606992536120944,1.0,0.9037219882011414
cka_depth,DD,MatrixRes,GCNConv,2,B1,identity,20260507_091053,cka_depth,0.9682205782996284,1.0000001192092896,0.9147318601608276
cka_depth,DD,MatrixRes,GCNConv,2,B2,identity,20260507_091502,cka_depth,0.978766487704383,1.0,0.9416683316230774
cka_depth,DD,MatrixRes,GCNConv,2,B3,identity,20260506_223136,cka_depth,0.9705528418223063,1.0000001192092896,0.923721969127655
cka_depth,DD,MatrixRes,GCNConv,2,B3,identity,20260507_091813,cka_depth,0.9705577294031779,1.0,0.9237279295921326
cka_depth,DD,MatrixRes,GCNConv,2,B4,identity,20260507_092315,cka_depth,0.9747472471661038,1.0,0.934450626373291
cka_depth,DD,MatrixRes,GCNConv,2,B5,identity,20260507_092933,cka_depth,0.9769108096758524,1.0,0.9380539655685425
cka_depth,DD,MatrixRes,GCNConv,2,B6,identity,20260507_093751,cka_depth,0.984177033106486,1.0,0.9588597416877747
cka_depth,DD,MatrixRes,GCNConv,2,B7,identity,20260507_094737,cka_depth,0.9830675390031602,1.0,0.9547421336174011
cka_depth,DD,MatrixRes,GCNConv,2,B8,identity,20260507_095909,cka_depth,0.9684383935398526,1.000000238418579,0.9175180792808533
cka_depth,DD,MatrixRes,GCNConv,3,B1,identity,20260507_091349,cka_depth,0.8177125189039443,1.0,0.5027368664741516
cka_depth,DD,MatrixRes,GCNConv,3,B2,identity,20260507_091630,cka_depth,0.9207508299085829,1.000000238418579,0.780964732170105
cka_depth,DD,MatrixRes,GCNConv,3,B3,identity,20260506_223325,cka_depth,0.857828954855601,1.0000001192092896,0.6091457009315491
cka_depth,DD,MatrixRes,GCNConv,3,B3,identity,20260507_092104,cka_depth,0.8572243054707845,1.0,0.6073300838470459
cka_depth,DD,MatrixRes,GCNConv,3,B4,identity,20260507_092640,cka_depth,0.8629724648263719,1.0,0.6388190984725952
cka_depth,DD,MatrixRes,GCNConv,3,B5,identity,20260507_093417,cka_depth,0.8278774089283414,1.0,0.5427864193916321
cka_depth,DD,MatrixRes,GCNConv,3,B6,identity,20260507_094314,cka_depth,0.875734269618988,1.0,0.660495400428772
cka_depth,DD,MatrixRes,GCNConv,3,B7,identity,20260507_095424,cka_depth,0.9073039558198717,1.0,0.7378043532371521
cka_depth,DD,MatrixRes,GCNConv,3,B8,identity,20260507_100524,cka_depth,0.8528998891512553,1.0,0.6057798266410828
cka_depth,DD,MatrixRes,GCNConv,4,B1,identity,20260507_091317,cka_depth,0.9758333894941542,1.0000001192092896,0.9361066818237305
cka_depth,DD,MatrixRes,GCNConv,4,B2,identity,20260507_091618,cka_depth,0.9867294099595811,1.0,0.9643086791038513
cka_depth,DD,MatrixRes,GCNConv,4,B3,identity,20260506_223318,cka_depth,0.9659336341751946,1.0,0.9125693440437317
cka_depth,DD,MatrixRes,GCNConv,4,B3,identity,20260507_092016,cka_depth,0.9659366144074334,1.0,0.9125738739967346
cka_depth,DD,MatrixRes,GCNConv,4,B4,identity,20260507_092533,cka_depth,0.9775282939275106,1.0,0.9426218271255493
cka_depth,DD,MatrixRes,GCNConv,4,B5,identity,20260507_093247,cka_depth,0.979624695248074,1.0,0.9451339840888977
cka_depth,DD,MatrixRes,GCNConv,4,B6,identity,20260507_094131,cka_depth,0.9895283050007291,1.0,0.9736399054527283
cka_depth,DD,MatrixRes,GCNConv,4,B7,identity,20260507_095212,cka_depth,0.9803309705522325,1.0,0.947537899017334
cka_depth,DD,MatrixRes,GCNConv,4,B8,identity,20260507_100319,cka_depth,0.9755105972290039,1.0,0.9376527070999146
cka_depth,DD,Plain,GCNConv,0,B3,identity,20260506_220121,cka_depth,0.82123906744851,1.0,0.5594356656074524
cka_depth,DD,Plain,GCNConv,0,B3,identity,20260506_222425,cka_depth,0.7670892344580756,1.0000001192092896,0.5259974598884583
cka_depth,DD,Plain,GCNConv,1,B3,identity,20260506_222440,cka_depth,0.6613369335730871,1.0,0.2439778596162796
cka_depth,DD,Plain,GCNConv,2,B3,identity,20260506_222348,cka_depth,0.9608447949091593,1.0,0.8935009837150574
cka_depth,DD,Plain,GCNConv,3,B3,identity,20260506_222519,cka_depth,0.7807212471961975,1.0000001192092896,0.5162988305091858
cka_depth,DD,Plain,GCNConv,4,B3,identity,20260506_222520,cka_depth,0.9748173952102661,1.0,0.9282077550888062
cka_depth,DD,VerticalRes,GCNConv,0,B3,identity,20260506_220142,cka_depth,0.9188759724299113,1.0,0.7816973924636841
cka_depth,DD,VerticalRes,GCNConv,0,B3,identity,20260506_222633,cka_depth,0.8638017442491319,1.0,0.6345798373222351
cka_depth,DD,VerticalRes,GCNConv,1,B3,identity,20260506_222706,cka_depth,0.7876022789213393,1.000000238418579,0.4486461579799652
cka_depth,DD,VerticalRes,GCNConv,2,B3,identity,20260506_222614,cka_depth,0.9699820412529839,1.0,0.9146109223365784
cka_depth,DD,VerticalRes,GCNConv,3,B3,identity,20260506_222800,cka_depth,0.8523801498942905,1.0,0.6363599300384521
cka_depth,DD,VerticalRes,GCNConv,4,B3,identity,20260506_222734,cka_depth,0.9756178988350762,1.0,0.935620129108429
cka_depth,ENZYMES,HorizontalRes,GCNConv,0,B3,identity,20260506_220151,cka_depth,0.9708184562623501,1.0,0.9118804335594177
cka_depth,ENZYMES,HorizontalRes,GCNConv,0,B3,identity,20260506_223728,cka_depth,0.9708184450864792,1.0,0.911880373954773
cka_depth,ENZYMES,HorizontalRes,GCNConv,1,B3,identity,20260506_223737,cka_depth,0.9138094857335091,1.0,0.7582502365112305
cka_depth,ENZYMES,HorizontalRes,GCNConv,2,B3,identity,20260506_223811,cka_depth,0.8275410123169422,1.0,0.48731574416160583
cka_depth,ENZYMES,HorizontalRes,GCNConv,3,B3,identity,20260506_223816,cka_depth,0.9247174374759197,1.0,0.7782996296882629
cka_depth,ENZYMES,HorizontalRes,GCNConv,4,B3,identity,20260506_223800,cka_depth,0.9054035134613514,1.0,0.7072851061820984
cka_depth,ENZYMES,MatrixResGated,GCNConv,0,B3,sparse,20260506_220157,cka_depth,0.9161791764199734,1.000000238418579,0.7326991558074951
cka_depth,ENZYMES,MatrixResGated,GCNConv,0,B3,sparse,20260506_224002,cka_depth,0.9594044014811516,1.0,0.8763584494590759
cka_depth,ENZYMES,MatrixResGated,GCNConv,1,B3,sparse,20260506_224037,cka_depth,0.9095830619335175,1.0,0.7079064846038818
cka_depth,ENZYMES,MatrixResGated,GCNConv,2,B3,sparse,20260506_224110,cka_depth,0.9140333756804466,1.0000001192092896,0.7402023077011108
cka_depth,ENZYMES,MatrixResGated,GCNConv,3,B3,sparse,20260506_224126,cka_depth,0.8995317220687866,1.0,0.7076561450958252
cka_depth,ENZYMES,MatrixResGated,GCNConv,4,B3,sparse,20260506_224123,cka_depth,0.9234289452433586,1.0,0.7624513506889343
cka_depth,ENZYMES,MatrixRes,GCNConv,0,B3,identity,20260506_220155,cka_depth,0.9434061348438263,1.0,0.8211190104484558
cka_depth,ENZYMES,MatrixRes,GCNConv,0,B3,identity,20260506_223827,cka_depth,0.9769440293312073,1.0,0.9310517907142639
cka_depth,ENZYMES,MatrixRes,GCNConv,1,B3,identity,20260506_223930,cka_depth,0.893417477607727,1.0,0.6515004634857178
cka_depth,ENZYMES,MatrixRes,GCNConv,2,B3,identity,20260506_223933,cka_depth,0.9329651072621346,1.0,0.7800390720367432
cka_depth,ENZYMES,MatrixRes,GCNConv,3,B3,identity,20260506_223939,cka_depth,0.9550466388463974,1.0,0.8679265379905701
cka_depth,ENZYMES,MatrixRes,GCNConv,4,B3,identity,20260506_224018,cka_depth,0.9623201116919518,1.0,0.8836244940757751
cka_depth,ENZYMES,Plain,GCNConv,0,B3,identity,20260506_220147,cka_depth,0.9848414547741413,1.0,0.9608868956565857
cka_depth,ENZYMES,Plain,GCNConv,0,B3,identity,20260506_223546,cka_depth,0.97171725705266,1.0,0.9038709998130798
cka_depth,ENZYMES,Plain,GCNConv,1,B3,identity,20260506_223611,cka_depth,0.8643010333180428,1.0,0.5923335552215576
cka_depth,ENZYMES,Plain,GCNConv,2,B3,identity,20260506_223636,cka_depth,0.8083698786795139,1.0,0.45641669631004333
cka_depth,ENZYMES,Plain,GCNConv,3,B3,identity,20260506_223642,cka_depth,0.9639667756855488,1.0,0.8996638059616089
cka_depth,ENZYMES,Plain,GCNConv,4,B3,identity,20260506_223630,cka_depth,0.9218089021742344,1.0,0.7573813796043396
cka_depth,ENZYMES,VerticalRes,GCNConv,0,B3,identity,20260506_220153,cka_depth,0.9890427701175213,1.0,0.9660256505012512
cka_depth,ENZYMES,VerticalRes,GCNConv,0,B3,identity,20260506_223644,cka_depth,0.9890427403151989,1.0,0.9660256505012512
cka_depth,ENZYMES,VerticalRes,GCNConv,1,B3,identity,20260506_223655,cka_depth,0.9023252464830875,1.0,0.6751526594161987
cka_depth,ENZYMES,VerticalRes,GCNConv,2,B3,identity,20260506_223713,cka_depth,0.9180863425135612,1.0,0.7407093048095703
cka_depth,ENZYMES,VerticalRes,GCNConv,3,B3,identity,20260506_223725,cka_depth,0.941777229309082,1.0000001192092896,0.8158841729164124
cka_depth,ENZYMES,VerticalRes,GCNConv,4,B3,identity,20260506_223716,cka_depth,0.9125684425234795,1.0,0.7199610471725464
cka_depth,PROTEINS,HorizontalRes,GCNConv,0,B1,identity,20260507_075815,cka_depth,0.7090898025780916,1.0,0.2084358185529709
cka_depth,PROTEINS,HorizontalRes,GCNConv,0,B2,identity,20260507_075937,cka_depth,0.7005633227527142,1.000000238418579,0.18861547112464905
cka_depth,PROTEINS,HorizontalRes,GCNConv,0,B3,identity,20260506_220101,cka_depth,0.963707935065031,1.0000001192092896,0.888982892036438
cka_depth,PROTEINS,HorizontalRes,GCNConv,0,B3,identity,20260506_221921,cka_depth,0.7752924300730228,1.0,0.30375033617019653
cka_depth,PROTEINS,HorizontalRes,GCNConv,0,B3,identity,20260507_080101,cka_depth,0.764542892575264,1.0,0.29300981760025024
cka_depth,PROTEINS,HorizontalRes,GCNConv,0,B4,identity,20260507_080459,cka_depth,0.6779167298227549,1.0,0.17471258342266083
cka_depth,PROTEINS,HorizontalRes,GCNConv,0,B5,identity,20260507_080928,cka_depth,0.7607326190918684,1.000000238418579,0.2861499786376953
cka_depth,PROTEINS,HorizontalRes,GCNConv,0,B6,identity,20260507_081527,cka_depth,0.6582035226747394,1.0000001192092896,0.08218155056238174
cka_depth,PROTEINS,HorizontalRes,GCNConv,0,B7,identity,20260507_082054,cka_depth,0.7959348149597645,1.0,0.3603242039680481
cka_depth,PROTEINS,HorizontalRes,GCNConv,0,B8,identity,20260507_082958,cka_depth,0.7123528327792883,1.0,0.18751583993434906
cka_depth,PROTEINS,HorizontalRes,GCNConv,1,B1,identity,20260507_075823,cka_depth,0.6871133963577449,1.0,0.10354110598564148
cka_depth,PROTEINS,HorizontalRes,GCNConv,1,B2,identity,20260507_075956,cka_depth,0.6599280871450901,1.0,0.11390721052885056
cka_depth,PROTEINS,HorizontalRes,GCNConv,1,B3,identity,20260506_221942,cka_depth,0.6792519260197878,1.000000238418579,0.10925649106502533
cka_depth,PROTEINS,HorizontalRes,GCNConv,1,B3,identity,20260507_080159,cka_depth,0.6814262541010976,1.000000238418579,0.10858695954084396
cka_depth,PROTEINS,HorizontalRes,GCNConv,1,B4,identity,20260507_080521,cka_depth,0.6741486955434084,1.0000001192092896,0.15031078457832336
cka_depth,PROTEINS,HorizontalRes,GCNConv,1,B5,identity,20260507_080959,cka_depth,0.8150475211441517,1.000000238418579,0.41404977440834045
cka_depth,PROTEINS,HorizontalRes,GCNConv,1,B6,identity,20260507_081602,cka_depth,0.7194034196436405,1.0000001192092896,0.20371979475021362
cka_depth,PROTEINS,HorizontalRes,GCNConv,1,B7,identity,20260507_082355,cka_depth,0.7259220834821463,1.000000238418579,0.22298438847064972
cka_depth,PROTEINS,HorizontalRes,GCNConv,1,B8,identity,20260507_083026,cka_depth,0.6657064268365502,1.0000001192092896,0.1140463724732399
cka_depth,PROTEINS,HorizontalRes,GCNConv,2,B1,identity,20260507_075823,cka_depth,0.726819084957242,1.0,0.2011324018239975
cka_depth,PROTEINS,HorizontalRes,GCNConv,2,B2,identity,20260507_075925,cka_depth,0.703262573108077,1.000000238418579,0.2175711691379547
cka_depth,PROTEINS,HorizontalRes,GCNConv,2,B3,identity,20260506_221939,cka_depth,0.690321046859026,1.000000238418579,0.18292248249053955
cka_depth,PROTEINS,HorizontalRes,GCNConv,2,B3,identity,20260507_080133,cka_depth,0.7010139506310225,1.0,0.18179795145988464
cka_depth,PROTEINS,HorizontalRes,GCNConv,2,B4,identity,20260507_080434,cka_depth,0.7480765171349049,1.0,0.28490710258483887
cka_depth,PROTEINS,HorizontalRes,GCNConv,2,B5,identity,20260507_080908,cka_depth,0.7671857625246048,1.000000238418579,0.2758510112762451
cka_depth,PROTEINS,HorizontalRes,GCNConv,2,B6,identity,20260507_081438,cka_depth,0.7478188425302505,1.0,0.27941569685935974
cka_depth,PROTEINS,HorizontalRes,GCNConv,2,B7,identity,20260507_082132,cka_depth,0.7612073794007301,1.000000238418579,0.31523045897483826
cka_depth,PROTEINS,HorizontalRes,GCNConv,2,B8,identity,20260507_082750,cka_depth,0.7818183861672878,1.000000238418579,0.39684057235717773
cka_depth,PROTEINS,HorizontalRes,GCNConv,3,B1,identity,20260507_075842,cka_depth,0.7910318896174431,1.0,0.3687143921852112
cka_depth,PROTEINS,HorizontalRes,GCNConv,3,B2,identity,20260507_080005,cka_depth,0.7736007906496525,1.0,0.3141225278377533
cka_depth,PROTEINS,HorizontalRes,GCNConv,3,B3,identity,20260506_221946,cka_depth,0.6852203048765659,1.0,0.20949608087539673
cka_depth,PROTEINS,HorizontalRes,GCNConv,3,B3,identity,20260507_080205,cka_depth,0.6802195580676198,1.0,0.2019600123167038
cka_depth,PROTEINS,HorizontalRes,GCNConv,3,B4,identity,20260507_080632,cka_depth,0.7095863185822964,1.0,0.25075459480285645
cka_depth,PROTEINS,HorizontalRes,GCNConv,3,B5,identity,20260507_081128,cka_depth,0.8060373440384865,1.0,0.38704895973205566
cka_depth,PROTEINS,HorizontalRes,GCNConv,3,B6,identity,20260507_081811,cka_depth,0.8420904204249382,1.0000001192092896,0.5478400588035583
cka_depth,PROTEINS,HorizontalRes,GCNConv,3,B7,identity,20260507_082431,cka_depth,0.7998526655137539,1.0,0.3630370795726776
cka_depth,PROTEINS,HorizontalRes,GCNConv,3,B8,identity,20260507_083143,cka_depth,0.796394869685173,1.0,0.4006688892841339
cka_depth,PROTEINS,HorizontalRes,GCNConv,4,B1,identity,20260507_075844,cka_depth,0.724597817286849,1.000000238418579,0.19598886370658875
cka_depth,PROTEINS,HorizontalRes,GCNConv,4,B2,identity,20260507_080009,cka_depth,0.7468687351793051,1.0000001192092896,0.22582563757896423
cka_depth,PROTEINS,HorizontalRes,GCNConv,4,B3,identity,20260506_222002,cka_depth,0.7176666706800461,1.0,0.21069535613059998
cka_depth,PROTEINS,HorizontalRes,GCNConv,4,B3,identity,20260507_080231,cka_depth,0.7149888249114156,1.000000238418579,0.2038254290819168
cka_depth,PROTEINS,HorizontalRes,GCNConv,4,B4,identity,20260507_080621,cka_depth,0.7529716901481152,1.0,0.29495084285736084
cka_depth,PROTEINS,HorizontalRes,GCNConv,4,B5,identity,20260507_081113,cka_depth,0.7282727044075727,1.0,0.24515466392040253
cka_depth,PROTEINS,HorizontalRes,GCNConv,4,B6,identity,20260507_081740,cka_depth,0.7987673878669739,1.0,0.3839711844921112
cka_depth,PROTEINS,HorizontalRes,GCNConv,4,B7,identity,20260507_082332,cka_depth,0.747533518821001,1.0000001192092896,0.26490700244903564
cka_depth,PROTEINS,HorizontalRes,GCNConv,4,B8,identity,20260507_083156,cka_depth,0.8240481279790401,1.0,0.5041926503181458
cka_depth,PROTEINS,MatrixResGated,GCNConv,0,B1,sparse,20260507_091732,cka_depth,0.7817673720419407,1.000000238418579,0.31947794556617737
cka_depth,PROTEINS,MatrixResGated,GCNConv,0,B2,sparse,20260507_092148,cka_depth,0.9281769506633282,1.0,0.7603058815002441
cka_depth,PROTEINS,MatrixResGated,GCNConv,0,B3,sparse,20260506_220105,cka_depth,0.9504228308796883,1.000000238418579,0.8285223841667175
cka_depth,PROTEINS,MatrixResGated,GCNConv,0,B3,sparse,20260506_222218,cka_depth,0.9422542192041874,1.0000001192092896,0.805006206035614
cka_depth,PROTEINS,MatrixResGated,GCNConv,0,B3,sparse,20260507_080508,cka_depth,0.9393612556159496,1.0000001192092896,0.7893363833427429
cka_depth,PROTEINS,MatrixResGated,GCNConv,0,B3,sparse,20260507_080732,cka_depth,0.9400350637733936,1.0000003576278687,0.7953999042510986
cka_depth,PROTEINS,MatrixResGated,GCNConv,0,B3,sparse,20260507_080735,cka_depth,0.9552727043628693,1.0,0.8514083027839661
cka_depth,PROTEINS,MatrixResGated,GCNConv,0,B3,sparse,20260507_080741,cka_depth,0.8689087480306625,1.0,0.5696420073509216
cka_depth,PROTEINS,MatrixResGated,GCNConv,0,B3,sparse,20260507_081000,cka_depth,0.9439566358923912,1.0000001192092896,0.8077331781387329
cka_depth,PROTEINS,MatrixResGated,GCNConv,0,B3,sparse,20260507_081007,cka_depth,0.9415039978921413,1.0,0.8018173575401306
cka_depth,PROTEINS,MatrixResGated,GCNConv,0,B3,sparse,20260507_081014,cka_depth,0.9095677584409714,1.0,0.6967107057571411
cka_depth,PROTEINS,MatrixResGated,GCNConv,0,B3,sparse,20260507_081237,cka_depth,0.8295852839946747,1.0000001192092896,0.45914408564567566
cka_depth,PROTEINS,MatrixResGated,GCNConv,0,B3,sparse,20260507_081244,cka_depth,0.9482095688581467,1.0,0.8313769102096558
cka_depth,PROTEINS,MatrixResGated,GCNConv,0,B3,sparse,20260507_081253,cka_depth,0.9469335712492466,1.0,0.8206199407577515
cka_depth,PROTEINS,MatrixResGated,GCNConv,0,B3,sparse,20260507_081510,cka_depth,0.9603037908673286,1.0,0.866538941860199
cka_depth,PROTEINS,MatrixResGated,GCNConv,0,B3,sparse,20260507_081524,cka_depth,0.9548689760267735,1.000000238418579,0.8482632040977478
cka_depth,PROTEINS,MatrixResGated,GCNConv,0,B3,sparse,20260507_081533,cka_depth,0.9467743076384068,1.0000003576278687,0.8237928152084351
cka_depth,PROTEINS,MatrixResGated,GCNConv,0,B3,sparse,20260507_081752,cka_depth,0.938318245112896,1.0,0.7912688255310059
cka_depth,PROTEINS,MatrixResGated,GCNConv,0,B3,sparse,20260507_081805,cka_depth,0.9268495477735996,1.0000001192092896,0.7670961618423462
cka_depth,PROTEINS,MatrixResGated,GCNConv,0,B3,sparse,20260507_081814,cka_depth,0.7790602259337902,1.0,0.3443812429904938
cka_depth,PROTEINS,MatrixResGated,GCNConv,0,B3,sparse,20260507_082035,cka_depth,0.916854739189148,1.0,0.7244340777397156
cka_depth,PROTEINS,MatrixResGated,GCNConv,0,B3,sparse,20260507_082048,cka_depth,0.9408627040684223,1.000000238418579,0.7988910675048828
cka_depth,PROTEINS,MatrixResGated,GCNConv,0,B3,sparse,20260507_082057,cka_depth,0.9595545567572117,1.000000238418579,0.8666060566902161
cka_depth,PROTEINS,MatrixResGated,GCNConv,0,B3,sparse,20260507_092516,cka_depth,0.9378414042294025,1.000000238418579,0.7884724736213684
cka_depth,PROTEINS,MatrixResGated,GCNConv,0,B4,sparse,20260507_092906,cka_depth,0.9760205671191216,1.0,0.9264432787895203
cka_depth,PROTEINS,MatrixResGated,GCNConv,0,B5,sparse,20260507_093625,cka_depth,0.9335409291088581,1.0,0.7819849252700806
cka_depth,PROTEINS,MatrixResGated,GCNConv,0,B6,sparse,20260507_094310,cka_depth,0.9215469174087048,1.000000238418579,0.7420298457145691
cka_depth,PROTEINS,MatrixResGated,GCNConv,0,B7,sparse,20260507_095516,cka_depth,0.9377460442483425,1.000000238418579,0.7863327264785767
cka_depth,PROTEINS,MatrixResGated,GCNConv,0,B8,sparse,20260507_100244,cka_depth,0.9342957437038422,1.000000238418579,0.7788353562355042
cka_depth,PROTEINS,MatrixResGated,GCNConv,1,B1,sparse,20260507_091839,cka_depth,0.7573945932090282,1.0,0.2623850107192993
cka_depth,PROTEINS,MatrixResGated,GCNConv,1,B2,sparse,20260507_092143,cka_depth,0.9110169634222984,1.0,0.6990900039672852
cka_depth,PROTEINS,MatrixResGated,GCNConv,1,B3,sparse,20260506_222231,cka_depth,0.9415084905922413,1.0,0.8185036182403564
cka_depth,PROTEINS,MatrixResGated,GCNConv,1,B3,sparse,20260507_092610,cka_depth,0.9382758066058159,1.0,0.8003572225570679
cka_depth,PROTEINS,MatrixResGated,GCNConv,1,B4,sparse,20260507_092943,cka_depth,0.9663157574832439,1.0000001192092896,0.8947958946228027
cka_depth,PROTEINS,MatrixResGated,GCNConv,1,B5,sparse,20260507_093636,cka_depth,0.9342520572245121,1.0000001192092896,0.8106062412261963
cka_depth,PROTEINS,MatrixResGated,GCNConv,1,B6,sparse,20260507_094557,cka_depth,0.8964692652225494,1.000000238418579,0.6565092206001282
cka_depth,PROTEINS,MatrixResGated,GCNConv,1,B7,sparse,20260507_095442,cka_depth,0.9218063987791538,1.0,0.7430713176727295
cka_depth,PROTEINS,MatrixResGated,GCNConv,1,B8,sparse,20260507_100451,cka_depth,0.9235001280903816,1.0,0.7496129274368286
cka_depth,PROTEINS,MatrixResGated,GCNConv,2,B1,sparse,20260507_091922,cka_depth,0.8224900588393211,1.0,0.43585747480392456
cka_depth,PROTEINS,MatrixResGated,GCNConv,2,B2,sparse,20260507_092158,cka_depth,0.9423994645476341,1.0,0.8167414665222168
cka_depth,PROTEINS,MatrixResGated,GCNConv,2,B3,sparse,20260506_222245,cka_depth,0.9263177216053009,1.000000238418579,0.7532162666320801
cka_depth,PROTEINS,MatrixResGated,GCNConv,2,B3,sparse,20260507_092611,cka_depth,0.9242158718407154,1.000000238418579,0.748078465461731
cka_depth,PROTEINS,MatrixResGated,GCNConv,2,B4,sparse,20260507_093053,cka_depth,0.965400468558073,1.0,0.8899838924407959
cka_depth,PROTEINS,MatrixResGated,GCNConv,2,B5,sparse,20260507_093532,cka_depth,0.9345963187515736,1.0,0.7854613661766052
cka_depth,PROTEINS,MatrixResGated,GCNConv,2,B6,sparse,20260507_094601,cka_depth,0.9329380467534065,1.0,0.7853135466575623
cka_depth,PROTEINS,MatrixResGated,GCNConv,2,B7,sparse,20260507_095434,cka_depth,0.9118657819926739,1.0,0.7043752670288086
cka_depth,PROTEINS,MatrixResGated,GCNConv,2,B8,sparse,20260507_100705,cka_depth,0.9452120698988438,1.0,0.8072128891944885
cka_depth,PROTEINS,MatrixResGated,GCNConv,3,B1,sparse,20260507_092001,cka_depth,0.8816557638347149,1.0000001192092896,0.6018466353416443
cka_depth,PROTEINS,MatrixResGated,GCNConv,3,B2,sparse,20260507_092323,cka_depth,0.9180805832147598,1.0,0.7320001125335693
cka_depth,PROTEINS,MatrixResGated,GCNConv,3,B3,sparse,20260506_222301,cka_depth,0.9540676064789295,1.0,0.8521036505699158
cka_depth,PROTEINS,MatrixResGated,GCNConv,3,B3,sparse,20260507_092711,cka_depth,0.9563975781202316,1.0,0.8601701259613037
cka_depth,PROTEINS,MatrixResGated,GCNConv,3,B4,sparse,20260507_093152,cka_depth,0.9538379982113838,1.0,0.8703834414482117
cka_depth,PROTEINS,MatrixResGated,GCNConv,3,B5,sparse,20260507_094027,cka_depth,0.94464161247015,1.0,0.8330062031745911
cka_depth,PROTEINS,MatrixResGated,GCNConv,3,B6,sparse,20260507_094828,cka_depth,0.8820381052792072,1.0000001192092896,0.6213664412498474
cka_depth,PROTEINS,MatrixResGated,GCNConv,3,B7,sparse,20260507_100112,cka_depth,0.8950412087142467,1.0,0.6403452754020691
cka_depth,PROTEINS,MatrixResGated,GCNConv,3,B8,sparse,20260507_100847,cka_depth,0.9376876093447208,1.000000238418579,0.7823167443275452
cka_depth,PROTEINS,MatrixResGated,GCNConv,4,B1,sparse,20260507_091950,cka_depth,0.8062085770070553,1.0,0.3767023980617523
cka_depth,PROTEINS,MatrixResGated,GCNConv,4,B2,sparse,20260507_092250,cka_depth,0.9628549963235855,1.000000238418579,0.8885600566864014
cka_depth,PROTEINS,MatrixResGated,GCNConv,4,B3,sparse,20260506_222306,cka_depth,0.955263078212738,1.0,0.8511176705360413
cka_depth,PROTEINS,MatrixResGated,GCNConv,4,B3,sparse,20260507_092751,cka_depth,0.9556340575218201,1.0,0.8523421883583069
cka_depth,PROTEINS,MatrixResGated,GCNConv,4,B4,sparse,20260507_093147,cka_depth,0.9718806222081184,1.0,0.902579665184021
cka_depth,PROTEINS,MatrixResGated,GCNConv,4,B5,sparse,20260507_093905,cka_depth,0.9247831404209137,1.0,0.7692480683326721
cka_depth,PROTEINS,MatrixResGated,GCNConv,4,B6,sparse,20260507_094911,cka_depth,0.9405747875571251,1.0000001192092896,0.7984923720359802
cka_depth,PROTEINS,MatrixResGated,GCNConv,4,B7,sparse,20260507_095833,cka_depth,0.9140438288450241,1.000000238418579,0.7147078514099121
cka_depth,PROTEINS,MatrixResGated,GCNConv,4,B8,sparse,20260507_100813,cka_depth,0.9635204523801804,1.0000001192092896,0.8725700974464417
cka_depth,PROTEINS,MatrixRes,GCNConv,0,B1,identity,20260507_083105,cka_depth,0.8000801466405392,1.0,0.38311678171157837
cka_depth,PROTEINS,MatrixRes,GCNConv,0,B2,identity,20260507_083422,cka_depth,0.9348918497562408,1.0,0.7792156338691711
cka_depth,PROTEINS,MatrixRes,GCNConv,0,B3,identity,20260506_220101,cka_depth,0.9719594791531563,1.0000001192092896,0.904883086681366
cka_depth,PROTEINS,MatrixRes,GCNConv,0,B3,identity,20260506_222106,cka_depth,0.9457931183278561,1.0,0.8287006616592407
cka_depth,PROTEINS,MatrixRes,GCNConv,0,B3,identity,20260507_075923,cka_depth,0.958215706050396,1.0,0.8549230694770813
cka_depth,PROTEINS,MatrixRes,GCNConv,0,B3,identity,20260507_075924,cka_depth,0.9572675377130508,1.0,0.861750602722168
cka_depth,PROTEINS,MatrixRes,GCNConv,0,B3,identity,20260507_080102,cka_depth,0.9511547274887562,1.0,0.8446147441864014
cka_depth,PROTEINS,MatrixRes,GCNConv,0,B3,identity,20260507_080247,cka_depth,0.9375152811408043,1.0,0.8050877451896667
cka_depth,PROTEINS,MatrixRes,GCNConv,0,B3,identity,20260507_080250,cka_depth,0.9315170459449291,1.0,0.7689662575721741
cka_depth,PROTEINS,MatrixRes,GCNConv,0,B3,identity,20260507_080253,cka_depth,0.8799759596586227,1.0,0.5967655777931213
cka_depth,PROTEINS,MatrixRes,GCNConv,0,B3,identity,20260507_080503,cka_depth,0.953084047883749,1.0,0.8470110297203064
cka_depth,PROTEINS,MatrixRes,GCNConv,0,B3,identity,20260507_080515,cka_depth,0.9667743854224682,1.0,0.8854368329048157
cka_depth,PROTEINS,MatrixRes,GCNConv,0,B3,identity,20260507_083719,cka_depth,0.9498979598283768,1.0,0.8366419076919556
cka_depth,PROTEINS,MatrixRes,GCNConv,0,B4,identity,20260507_084432,cka_depth,0.963545024394989,1.0000001192092896,0.8754225969314575
cka_depth,PROTEINS,MatrixRes,GCNConv,0,B5,identity,20260507_084950,cka_depth,0.9536773636937141,1.0000001192092896,0.8409432172775269
cka_depth,PROTEINS,MatrixRes,GCNConv,0,B6,identity,20260507_085951,cka_depth,0.9159492515027523,1.0,0.7167332172393799
cka_depth,PROTEINS,MatrixRes,GCNConv,0,B7,identity,20260507_090742,cka_depth,0.932280644774437,1.0,0.7653993368148804
cka_depth,PROTEINS,MatrixRes,GCNConv,0,B8,identity,20260507_091235,cka_depth,0.9460573308169842,1.0,0.8115249276161194
cka_depth,PROTEINS,MatrixRes,GCNConv,1,B1,identity,20260507_083150,cka_depth,0.7754929643124342,1.0,0.32613036036491394
cka_depth,PROTEINS,MatrixRes,GCNConv,1,B2,identity,20260507_083416,cka_depth,0.910035353153944,1.0,0.7079205513000488
cka_depth,PROTEINS,MatrixRes,GCNConv,1,B3,identity,20260506_214212,cka_depth,0.9904735237360001,1.0,0.980946958065033
cka_depth,PROTEINS,MatrixRes,GCNConv,1,B3,identity,20260506_222107,cka_depth,0.9354175813496113,1.000000238418579,0.7899123430252075
cka_depth,PROTEINS,MatrixRes,GCNConv,1,B3,identity,20260507_083942,cka_depth,0.9280034191906452,1.0,0.7700107097625732
cka_depth,PROTEINS,MatrixRes,GCNConv,1,B4,identity,20260507_084525,cka_depth,0.9635934829711914,1.0,0.8886086344718933
cka_depth,PROTEINS,MatrixRes,GCNConv,1,B5,identity,20260507_085216,cka_depth,0.9559686221182346,1.0,0.8585238456726074
cka_depth,PROTEINS,MatrixRes,GCNConv,1,B6,identity,20260507_090232,cka_depth,0.8884794600307941,1.0,0.649049699306488
cka_depth,PROTEINS,MatrixRes,GCNConv,1,B7,identity,20260507_090809,cka_depth,0.9273438937962055,1.0000001192092896,0.7468622922897339
cka_depth,PROTEINS,MatrixRes,GCNConv,1,B8,identity,20260507_091459,cka_depth,0.9181885495781898,1.000000238418579,0.7136650681495667
cka_depth,PROTEINS,MatrixRes,GCNConv,2,B1,identity,20260507_083232,cka_depth,0.8192303478717804,1.0,0.43035876750946045
cka_depth,PROTEINS,MatrixRes,GCNConv,2,B2,identity,20260507_083404,cka_depth,0.9292164742946625,1.0,0.7652871012687683
cka_depth,PROTEINS,MatrixRes,GCNConv,2,B3,identity,20260506_222104,cka_depth,0.9318078495562077,1.0,0.7801917195320129
cka_depth,PROTEINS,MatrixRes,GCNConv,2,B3,identity,20260507_083830,cka_depth,0.9391763396561146,1.0000001192092896,0.8098329305648804
cka_depth,PROTEINS,MatrixRes,GCNConv,2,B4,identity,20260507_084348,cka_depth,0.9542023986577988,1.0,0.8367674946784973
cka_depth,PROTEINS,MatrixRes,GCNConv,2,B5,identity,20260507_085115,cka_depth,0.9367361329495907,1.0000003576278687,0.7854081392288208
cka_depth,PROTEINS,MatrixRes,GCNConv,2,B6,identity,20260507_090230,cka_depth,0.9168714992702007,1.0000001192092896,0.7211341857910156
cka_depth,PROTEINS,MatrixRes,GCNConv,2,B7,identity,20260507_090804,cka_depth,0.9230677112936974,1.0,0.7290598750114441
cka_depth,PROTEINS,MatrixRes,GCNConv,2,B8,identity,20260507_091657,cka_depth,0.9468256384134293,1.0,0.8161017894744873
cka_depth,PROTEINS,MatrixRes,GCNConv,3,B1,identity,20260507_083236,cka_depth,0.8427269198000431,1.0,0.4912300407886505
cka_depth,PROTEINS,MatrixRes,GCNConv,3,B2,identity,20260507_083532,cka_depth,0.9083283618092537,1.0,0.6891568899154663
cka_depth,PROTEINS,MatrixRes,GCNConv,3,B3,identity,20260506_222145,cka_depth,0.9462913423776627,1.000000238418579,0.8280702829360962
cka_depth,PROTEINS,MatrixRes,GCNConv,3,B3,identity,20260507_083939,cka_depth,0.9489124193787575,1.0,0.8380950093269348
cka_depth,PROTEINS,MatrixRes,GCNConv,3,B4,identity,20260507_084730,cka_depth,0.9640899114310741,1.0,0.8831698298454285
cka_depth,PROTEINS,MatrixRes,GCNConv,3,B5,identity,20260507_085525,cka_depth,0.9353596046566963,1.0000001192092896,0.8002699613571167
cka_depth,PROTEINS,MatrixRes,GCNConv,3,B6,identity,20260507_090444,cka_depth,0.8742934912443161,1.0,0.574228048324585
cka_depth,PROTEINS,MatrixRes,GCNConv,3,B7,identity,20260507_091123,cka_depth,0.8871405459940434,1.0,0.6097713708877563
cka_depth,PROTEINS,MatrixRes,GCNConv,3,B8,identity,20260507_092043,cka_depth,0.9162602946162224,1.000000238418579,0.7100679874420166
cka_depth,PROTEINS,MatrixRes,GCNConv,4,B1,identity,20260507_083227,cka_depth,0.9059367217123508,1.0,0.7031761407852173
cka_depth,PROTEINS,MatrixRes,GCNConv,4,B2,identity,20260507_083520,cka_depth,0.9860666990280151,1.000000238418579,0.9513633251190186
cka_depth,PROTEINS,MatrixRes,GCNConv,4,B3,identity,20260506_222142,cka_depth,0.9786855727434158,1.0,0.9289435744285583
cka_depth,PROTEINS,MatrixRes,GCNConv,4,B3,identity,20260507_084012,cka_depth,0.978682205080986,1.000000238418579,0.9289312362670898
cka_depth,PROTEINS,MatrixRes,GCNConv,4,B4,identity,20260507_084644,cka_depth,0.963452335447073,1.0,0.8755086064338684
cka_depth,PROTEINS,MatrixRes,GCNConv,4,B5,identity,20260507_085419,cka_depth,0.9356039576232433,1.000000238418579,0.7909908294677734
cka_depth,PROTEINS,MatrixRes,GCNConv,4,B6,identity,20260507_090504,cka_depth,0.9396588318049908,1.0,0.7973818778991699
cka_depth,PROTEINS,MatrixRes,GCNConv,4,B7,identity,20260507_091019,cka_depth,0.9382287375628948,1.0,0.7816030383110046
cka_depth,PROTEINS,MatrixRes,GCNConv,4,B8,identity,20260507_091919,cka_depth,0.9534028396010399,1.0,0.8349730968475342
cka_depth,PROTEINS,Plain,GCNConv,0,B3,identity,20260506_220056,cka_depth,0.9833951443433762,1.0,0.9489901065826416
cka_depth,PROTEINS,Plain,GCNConv,0,B3,identity,20260506_221748,cka_depth,0.791826881468296,1.0,0.359697163105011
cka_depth,PROTEINS,Plain,GCNConv,1,B3,identity,20260506_221803,cka_depth,0.7470914721488953,1.0,0.27435803413391113
cka_depth,PROTEINS,Plain,GCNConv,2,B3,identity,20260506_221755,cka_depth,0.8988998271524906,1.000000238418579,0.7073081135749817
cka_depth,PROTEINS,Plain,GCNConv,3,B3,identity,20260506_221806,cka_depth,0.8252115957438946,1.0,0.49219170212745667
cka_depth,PROTEINS,Plain,GCNConv,4,B3,identity,20260506_221810,cka_depth,0.7901478819549084,1.0,0.34440621733665466
cka_depth,PROTEINS,VerticalRes,GCNConv,0,B3,identity,20260506_220057,cka_depth,0.962103970348835,1.0,0.879103422164917
cka_depth,PROTEINS,VerticalRes,GCNConv,0,B3,identity,20260506_221829,cka_depth,0.7711558230221272,1.000000238418579,0.2937808632850647
cka_depth,PROTEINS,VerticalRes,GCNConv,1,B3,identity,20260506_221850,cka_depth,0.9094380289316177,1.000000238418579,0.7074372172355652
cka_depth,PROTEINS,VerticalRes,GCNConv,2,B3,identity,20260506_220018,cka_depth,0.9973406046628952,1.0,0.9946811199188232
cka_depth,PROTEINS,VerticalRes,GCNConv,2,B3,identity,20260506_221844,cka_depth,0.8941403813660145,1.0,0.6648602485656738
cka_depth,PROTEINS,VerticalRes,GCNConv,3,B3,identity,20260506_221851,cka_depth,0.9039241001009941,1.0,0.6740634441375732
cka_depth,PROTEINS,VerticalRes,GCNConv,4,B3,identity,20260506_221901,cka_depth,0.8215010091662407,1.0,0.461639940738678
