artifact,dataset,model,operator,fold,branches,residual_mode,timestamp,matrix_name,mean_cosine_depth,max_cosine_depth,min_cosine_depth
cosine_depth,DD,HorizontalRes,GCNConv,0,B1,identity,20260507_080131,cosine_depth,0.5563832521438599,1.0000001192092896,0.25153031945228577
cosine_depth,DD,HorizontalRes,GCNConv,0,B2,identity,20260507_080428,cosine_depth,0.7560446858406067,1.0,0.6000316739082336
cosine_depth,DD,HorizontalRes,GCNConv,0,B3,identity,20260506_220125,cosine_depth,0.6795077191458808,1.0000001192092896,0.4519127309322357
cosine_depth,DD,HorizontalRes,GCNConv,0,B3,identity,20260506_222850,cosine_depth,0.6603091226683723,1.0000001192092896,0.42318961024284363
cosine_depth,DD,HorizontalRes,GCNConv,0,B3,identity,20260507_080744,cosine_depth,0.6726290980974833,1.0000001192092896,0.4478246569633484
cosine_depth,DD,HorizontalRes,GCNConv,0,B4,identity,20260507_081259,cosine_depth,0.7029167413711548,1.0000001192092896,0.5138506889343262
cosine_depth,DD,HorizontalRes,GCNConv,0,B5,identity,20260507_081815,cosine_depth,0.6123962865935432,1.0000001192092896,0.37874385714530945
cosine_depth,DD,HorizontalRes,GCNConv,0,B6,identity,20260507_083144,cosine_depth,0.5727078649732802,1.0000001192092896,0.3482244312763214
cosine_depth,DD,HorizontalRes,GCNConv,0,B7,identity,20260507_084435,cosine_depth,0.6162820590866936,1.0,0.3072119653224945
cosine_depth,DD,HorizontalRes,GCNConv,0,B8,identity,20260507_085842,cosine_depth,0.6372138261795044,1.0000001192092896,0.39913153648376465
cosine_depth,DD,HorizontalRes,GCNConv,1,B1,identity,20260507_080133,cosine_depth,0.6212244696087308,0.9999999403953552,0.4189141094684601
cosine_depth,DD,HorizontalRes,GCNConv,1,B2,identity,20260507_080434,cosine_depth,0.6648441486888461,1.0000001192092896,0.3803763687610626
cosine_depth,DD,HorizontalRes,GCNConv,1,B3,identity,20260506_222945,cosine_depth,0.701471123430464,1.0000001192092896,0.5011064410209656
cosine_depth,DD,HorizontalRes,GCNConv,1,B3,identity,20260507_080912,cosine_depth,0.6985679864883423,1.0,0.5078588724136353
cosine_depth,DD,HorizontalRes,GCNConv,1,B4,identity,20260507_081317,cosine_depth,0.6707604395018684,1.0000001192092896,0.4598521888256073
cosine_depth,DD,HorizontalRes,GCNConv,1,B5,identity,20260507_082034,cosine_depth,0.6577491362889608,1.000000238418579,0.4527892768383026
cosine_depth,DD,HorizontalRes,GCNConv,1,B6,identity,20260507_083052,cosine_depth,0.6075451638963487,1.0000001192092896,0.3024245500564575
cosine_depth,DD,HorizontalRes,GCNConv,1,B7,identity,20260507_084403,cosine_depth,0.615832527478536,1.000000238418579,0.387179970741272
cosine_depth,DD,HorizontalRes,GCNConv,1,B8,identity,20260507_090250,cosine_depth,0.6234667830997043,1.0000001192092896,0.3682103157043457
cosine_depth,DD,HorizontalRes,GCNConv,2,B1,identity,20260507_075921,cosine_depth,0.6891274915801154,1.0,0.5279939770698547
cosine_depth,DD,HorizontalRes,GCNConv,2,B2,identity,20260507_080344,cosine_depth,0.6808334257867601,1.0000001192092896,0.42062968015670776
cosine_depth,DD,HorizontalRes,GCNConv,2,B3,identity,20260506_222853,cosine_depth,0.642494281133016,1.000000238418579,0.4587388336658478
cosine_depth,DD,HorizontalRes,GCNConv,2,B3,identity,20260507_080729,cosine_depth,0.641897545920478,1.0000001192092896,0.45401623845100403
cosine_depth,DD,HorizontalRes,GCNConv,2,B4,identity,20260507_081217,cosine_depth,0.6811477541923523,1.0,0.3937016427516937
cosine_depth,DD,HorizontalRes,GCNConv,2,B5,identity,20260507_081758,cosine_depth,0.6448898182974921,1.0,0.4527348577976227
cosine_depth,DD,HorizontalRes,GCNConv,2,B6,identity,20260507_082721,cosine_depth,0.626752085155911,1.0,0.43303173780441284
cosine_depth,DD,HorizontalRes,GCNConv,2,B7,identity,20260507_084116,cosine_depth,0.6396870811780294,1.0,0.4236689805984497
cosine_depth,DD,HorizontalRes,GCNConv,2,B8,identity,20260507_085447,cosine_depth,0.59559698899587,1.0,0.3558237850666046
cosine_depth,DD,HorizontalRes,GCNConv,3,B1,identity,20260507_080159,cosine_depth,0.5861355463663737,1.000000238418579,0.37273547053337097
cosine_depth,DD,HorizontalRes,GCNConv,3,B2,identity,20260507_080600,cosine_depth,0.6597807473606534,1.0,0.4102552831172943
cosine_depth,DD,HorizontalRes,GCNConv,3,B3,identity,20260506_223023,cosine_depth,0.632961266570621,1.0000001192092896,0.33751222491264343
cosine_depth,DD,HorizontalRes,GCNConv,3,B3,identity,20260507_081025,cosine_depth,0.624615126185947,1.0,0.34123700857162476
cosine_depth,DD,HorizontalRes,GCNConv,3,B4,identity,20260507_081539,cosine_depth,0.6581190427144369,1.0000001192092896,0.40769481658935547
cosine_depth,DD,HorizontalRes,GCNConv,3,B5,identity,20260507_082259,cosine_depth,0.6002029511663649,1.0000001192092896,0.3386489748954773
cosine_depth,DD,HorizontalRes,GCNConv,3,B6,identity,20260507_083353,cosine_depth,0.6430557635095384,0.9999999403953552,0.39031898975372314
cosine_depth,DD,HorizontalRes,GCNConv,3,B7,identity,20260507_084923,cosine_depth,0.6297803786065843,1.000000238418579,0.38971009850502014
cosine_depth,DD,HorizontalRes,GCNConv,3,B8,identity,20260507_090604,cosine_depth,0.6463872989018759,1.0000001192092896,0.40612486004829407
cosine_depth,DD,HorizontalRes,GCNConv,4,B1,identity,20260507_080232,cosine_depth,0.5899728735287985,1.000000238418579,0.26496216654777527
cosine_depth,DD,HorizontalRes,GCNConv,4,B2,identity,20260507_080544,cosine_depth,0.7077569895320468,1.0000001192092896,0.46733251214027405
cosine_depth,DD,HorizontalRes,GCNConv,4,B3,identity,20260506_222946,cosine_depth,0.6774690879715813,1.0000001192092896,0.4900382459163666
cosine_depth,DD,HorizontalRes,GCNConv,4,B3,identity,20260507_080918,cosine_depth,0.6772992081112332,1.0,0.48807889223098755
cosine_depth,DD,HorizontalRes,GCNConv,4,B4,identity,20260507_081457,cosine_depth,0.6767698658837212,1.0000001192092896,0.48455172777175903
cosine_depth,DD,HorizontalRes,GCNConv,4,B5,identity,20260507_082051,cosine_depth,0.6417998605304294,1.000000238418579,0.39062735438346863
cosine_depth,DD,HorizontalRes,GCNConv,4,B6,identity,20260507_083618,cosine_depth,0.6002484626240201,1.0000001192092896,0.37167590856552124
cosine_depth,DD,HorizontalRes,GCNConv,4,B7,identity,20260507_084858,cosine_depth,0.6840772363874648,1.0000001192092896,0.47173795104026794
cosine_depth,DD,HorizontalRes,GCNConv,4,B8,identity,20260507_090423,cosine_depth,0.6612639625867208,1.0,0.40130794048309326
cosine_depth,DD,MatrixResGated,GCNConv,0,B1,sparse,20260507_100211,cosine_depth,0.7620440589057075,1.000000238418579,0.5925615429878235
cosine_depth,DD,MatrixResGated,GCNConv,0,B2,sparse,20260507_100630,cosine_depth,0.8837385045157539,1.0000001192092896,0.7605543732643127
cosine_depth,DD,MatrixResGated,GCNConv,0,B3,sparse,20260506_220134,cosine_depth,0.8648231426874796,1.0000001192092896,0.7211929559707642
cosine_depth,DD,MatrixResGated,GCNConv,0,B3,sparse,20260506_223423,cosine_depth,0.8504671189520094,1.0000001192092896,0.7132533192634583
cosine_depth,DD,MatrixResGated,GCNConv,0,B3,sparse,20260507_084029,cosine_depth,0.9107399781545004,1.000000238418579,0.8390527963638306
cosine_depth,DD,MatrixResGated,GCNConv,0,B3,sparse,20260507_084411,cosine_depth,0.8475932478904724,1.000000238418579,0.7023124694824219
cosine_depth,DD,MatrixResGated,GCNConv,0,B3,sparse,20260507_084458,cosine_depth,0.8247483902507358,1.0000001192092896,0.6345986127853394
cosine_depth,DD,MatrixResGated,GCNConv,0,B3,sparse,20260507_084733,cosine_depth,0.7980095479223464,1.0000001192092896,0.5450960397720337
cosine_depth,DD,MatrixResGated,GCNConv,0,B3,sparse,20260507_084843,cosine_depth,0.8634704218970405,1.0,0.7275795936584473
cosine_depth,DD,MatrixResGated,GCNConv,0,B3,sparse,20260507_084944,cosine_depth,0.8450100289450752,1.0000003576278687,0.6943173408508301
cosine_depth,DD,MatrixResGated,GCNConv,0,B3,sparse,20260507_085156,cosine_depth,0.8226076695654128,1.000000238418579,0.6463013291358948
cosine_depth,DD,MatrixResGated,GCNConv,0,B3,sparse,20260507_085303,cosine_depth,0.8214026689529419,1.0000001192092896,0.6496545672416687
cosine_depth,DD,MatrixResGated,GCNConv,0,B3,sparse,20260507_085353,cosine_depth,0.9116899768511454,1.0000001192092896,0.8157672882080078
cosine_depth,DD,MatrixResGated,GCNConv,0,B3,sparse,20260507_085613,cosine_depth,0.849583281411065,1.0000001192092896,0.7083806395530701
cosine_depth,DD,MatrixResGated,GCNConv,0,B3,sparse,20260507_085803,cosine_depth,0.8949846360418532,1.0,0.7729360461235046
cosine_depth,DD,MatrixResGated,GCNConv,0,B3,sparse,20260507_085958,cosine_depth,0.8259530133671231,1.000000238418579,0.6622703075408936
cosine_depth,DD,MatrixResGated,GCNConv,0,B3,sparse,20260507_090029,cosine_depth,0.8851996925142076,1.0000001192092896,0.7522228956222534
cosine_depth,DD,MatrixResGated,GCNConv,0,B3,sparse,20260507_090225,cosine_depth,0.8506200181113349,1.0000001192092896,0.711277186870575
cosine_depth,DD,MatrixResGated,GCNConv,0,B3,sparse,20260507_090507,cosine_depth,0.7953799433178372,1.0000001192092896,0.681867778301239
cosine_depth,DD,MatrixResGated,GCNConv,0,B3,sparse,20260507_090601,cosine_depth,0.7277495529916551,1.0000001192092896,0.5577009320259094
cosine_depth,DD,MatrixResGated,GCNConv,0,B3,sparse,20260507_090946,cosine_depth,0.83224575387107,1.0000001192092896,0.6927423477172852
cosine_depth,DD,MatrixResGated,GCNConv,0,B3,sparse,20260507_091221,cosine_depth,0.8495654198858473,1.0000001192092896,0.7085962891578674
cosine_depth,DD,MatrixResGated,GCNConv,0,B3,sparse,20260507_091253,cosine_depth,0.8712450928158231,1.0,0.7380369901657104
cosine_depth,DD,MatrixResGated,GCNConv,0,B3,sparse,20260507_100929,cosine_depth,0.850078284740448,1.0,0.7105507850646973
cosine_depth,DD,MatrixResGated,GCNConv,0,B4,sparse,20260507_101254,cosine_depth,0.8639396958880954,1.0,0.7125324010848999
cosine_depth,DD,MatrixResGated,GCNConv,0,B5,sparse,20260507_101837,cosine_depth,0.8561550312572055,1.0000001192092896,0.6727966070175171
cosine_depth,DD,MatrixResGated,GCNConv,0,B6,sparse,20260507_102427,cosine_depth,0.8633342716428969,1.0,0.7195057272911072
cosine_depth,DD,MatrixResGated,GCNConv,0,B7,sparse,20260507_103151,cosine_depth,0.8733573092354668,1.0,0.7525982856750488
cosine_depth,DD,MatrixResGated,GCNConv,0,B8,sparse,20260507_103803,cosine_depth,0.8727494279543558,1.0,0.7711693048477173
cosine_depth,DD,MatrixResGated,GCNConv,1,B1,sparse,20260507_100337,cosine_depth,0.6915854414304098,1.0,0.43461328744888306
cosine_depth,DD,MatrixResGated,GCNConv,1,B2,sparse,20260507_100658,cosine_depth,0.8183589776357015,1.0,0.6005614399909973
cosine_depth,DD,MatrixResGated,GCNConv,1,B3,sparse,20260506_223526,cosine_depth,0.8313949902852377,1.0000001192092896,0.6470744013786316
cosine_depth,DD,MatrixResGated,GCNConv,1,B3,sparse,20260507_101020,cosine_depth,0.8337896532482572,1.0,0.6518688797950745
cosine_depth,DD,MatrixResGated,GCNConv,1,B4,sparse,20260507_101433,cosine_depth,0.8260081873999702,1.0,0.5858089923858643
cosine_depth,DD,MatrixResGated,GCNConv,1,B5,sparse,20260507_101852,cosine_depth,0.813542041513655,1.0000001192092896,0.5630233287811279
cosine_depth,DD,MatrixResGated,GCNConv,1,B6,sparse,20260507_102531,cosine_depth,0.8104358116785685,1.000000238418579,0.5665939450263977
cosine_depth,DD,MatrixResGated,GCNConv,1,B7,sparse,20260507_103147,cosine_depth,0.8228241205215454,1.0000001192092896,0.5997248291969299
cosine_depth,DD,MatrixResGated,GCNConv,1,B8,sparse,20260507_104116,cosine_depth,0.8320764303207397,1.0000001192092896,0.6825794577598572
cosine_depth,DD,MatrixResGated,GCNConv,2,B1,sparse,20260507_100357,cosine_depth,0.7766523361206055,1.0,0.6165019869804382
cosine_depth,DD,MatrixResGated,GCNConv,2,B2,sparse,20260507_100639,cosine_depth,0.890837914413876,1.0000001192092896,0.7826552987098694
cosine_depth,DD,MatrixResGated,GCNConv,2,B3,sparse,20260506_223451,cosine_depth,0.8731254405445523,1.0000001192092896,0.7345722317695618
cosine_depth,DD,MatrixResGated,GCNConv,2,B3,sparse,20260507_101018,cosine_depth,0.8732093771298727,1.0,0.7347259521484375
cosine_depth,DD,MatrixResGated,GCNConv,2,B4,sparse,20260507_101313,cosine_depth,0.8822157515419854,1.0,0.7869747281074524
cosine_depth,DD,MatrixResGated,GCNConv,2,B5,sparse,20260507_101726,cosine_depth,0.8623603781064352,1.0000001192092896,0.7316955924034119
cosine_depth,DD,MatrixResGated,GCNConv,2,B6,sparse,20260507_102322,cosine_depth,0.8616146710183885,1.000000238418579,0.7132467031478882
cosine_depth,DD,MatrixResGated,GCNConv,2,B7,sparse,20260507_103029,cosine_depth,0.9006198114818997,1.0000001192092896,0.8141616582870483
cosine_depth,DD,MatrixResGated,GCNConv,2,B8,sparse,20260507_103845,cosine_depth,0.8896382119920518,1.0,0.7810635566711426
cosine_depth,DD,MatrixResGated,GCNConv,3,B1,sparse,20260507_100432,cosine_depth,0.7579203512933519,1.0,0.5751554369926453
cosine_depth,DD,MatrixResGated,GCNConv,3,B2,sparse,20260507_100855,cosine_depth,0.8777392241689894,1.0000001192092896,0.7751883268356323
cosine_depth,DD,MatrixResGated,GCNConv,3,B3,sparse,20260506_223613,cosine_depth,0.8492282297876146,1.0000001192092896,0.7010525465011597
cosine_depth,DD,MatrixResGated,GCNConv,3,B3,sparse,20260507_101126,cosine_depth,0.8472877674632602,1.000000238418579,0.6979420781135559
cosine_depth,DD,MatrixResGated,GCNConv,3,B4,sparse,20260507_101523,cosine_depth,0.8722883992724948,1.0000001192092896,0.7545446753501892
cosine_depth,DD,MatrixResGated,GCNConv,3,B5,sparse,20260507_102049,cosine_depth,0.8485271864467197,1.0000001192092896,0.6724659204483032
cosine_depth,DD,MatrixResGated,GCNConv,3,B6,sparse,20260507_102655,cosine_depth,0.8698912196689181,1.0,0.753635823726654
cosine_depth,DD,MatrixResGated,GCNConv,3,B7,sparse,20260507_103513,cosine_depth,0.8872709340519376,1.0000004768371582,0.7780107855796814
cosine_depth,DD,MatrixResGated,GCNConv,3,B8,sparse,20260507_104254,cosine_depth,0.8735447194841173,1.0,0.7429541945457458
cosine_depth,DD,MatrixResGated,GCNConv,4,B1,sparse,20260507_100438,cosine_depth,0.7919887105623881,1.0,0.6288256049156189
cosine_depth,DD,MatrixResGated,GCNConv,4,B2,sparse,20260507_100745,cosine_depth,0.8859289884567261,1.0,0.7946571111679077
cosine_depth,DD,MatrixResGated,GCNConv,4,B3,sparse,20260506_223605,cosine_depth,0.868024143907759,1.0000001192092896,0.7321149110794067
cosine_depth,DD,MatrixResGated,GCNConv,4,B3,sparse,20260507_101140,cosine_depth,0.8682254089249505,1.0000001192092896,0.7323726415634155
cosine_depth,DD,MatrixResGated,GCNConv,4,B4,sparse,20260507_101458,cosine_depth,0.8813019726011488,1.0,0.7920725345611572
cosine_depth,DD,MatrixResGated,GCNConv,4,B5,sparse,20260507_102044,cosine_depth,0.8457271589173211,1.0,0.7001896500587463
cosine_depth,DD,MatrixResGated,GCNConv,4,B6,sparse,20260507_102716,cosine_depth,0.8829978240860833,1.0,0.7670009732246399
cosine_depth,DD,MatrixResGated,GCNConv,4,B7,sparse,20260507_103440,cosine_depth,0.8901297781202528,1.0000001192092896,0.7964019179344177
cosine_depth,DD,MatrixResGated,GCNConv,4,B8,sparse,20260507_104131,cosine_depth,0.8960627184973823,0.9999999403953552,0.8234813213348389
cosine_depth,DD,MatrixRes,GCNConv,0,B1,identity,20260507_091148,cosine_depth,0.8147948980331421,1.0000001192092896,0.6760145425796509
cosine_depth,DD,MatrixRes,GCNConv,0,B2,identity,20260507_091452,cosine_depth,0.8996525539292229,1.000000238418579,0.7713412046432495
cosine_depth,DD,MatrixRes,GCNConv,0,B3,identity,20260506_220130,cosine_depth,0.9455938074323866,1.0000001192092896,0.8934566378593445
cosine_depth,DD,MatrixRes,GCNConv,0,B3,identity,20260506_223200,cosine_depth,0.901244666841295,1.000000238418579,0.7796295881271362
cosine_depth,DD,MatrixRes,GCNConv,0,B3,identity,20260507_082526,cosine_depth,0.9306305845578512,1.0000001192092896,0.8394980430603027
cosine_depth,DD,MatrixRes,GCNConv,0,B3,identity,20260507_082557,cosine_depth,0.8736324310302734,1.0000001192092896,0.7280699014663696
cosine_depth,DD,MatrixRes,GCNConv,0,B3,identity,20260507_082600,cosine_depth,0.9005840751859877,1.0,0.7784730195999146
cosine_depth,DD,MatrixRes,GCNConv,0,B3,identity,20260507_083013,cosine_depth,0.8298073808352152,0.9999999403953552,0.6699481010437012
cosine_depth,DD,MatrixRes,GCNConv,0,B3,identity,20260507_083052,cosine_depth,0.9146740701463487,0.9999999403953552,0.7946138381958008
cosine_depth,DD,MatrixRes,GCNConv,0,B3,identity,20260507_083113,cosine_depth,0.8971827758683099,1.0,0.7681369781494141
cosine_depth,DD,MatrixRes,GCNConv,0,B3,identity,20260507_083510,cosine_depth,0.8870810270309448,1.0000001192092896,0.743063747882843
cosine_depth,DD,MatrixRes,GCNConv,0,B3,identity,20260507_083551,cosine_depth,0.8774111337131925,1.0,0.7235393524169922
cosine_depth,DD,MatrixRes,GCNConv,0,B3,identity,20260507_083601,cosine_depth,0.943504638142056,1.0000001192092896,0.8707349300384521
cosine_depth,DD,MatrixRes,GCNConv,0,B3,identity,20260507_083936,cosine_depth,0.8984431558185153,1.0000001192092896,0.7728802561759949
cosine_depth,DD,MatrixRes,GCNConv,0,B3,identity,20260507_084252,cosine_depth,0.88671965069241,1.0000001192092896,0.7428646683692932
cosine_depth,DD,MatrixRes,GCNConv,0,B3,identity,20260507_091841,cosine_depth,0.9056670599513583,1.0000001192092896,0.7868258953094482
cosine_depth,DD,MatrixRes,GCNConv,0,B4,identity,20260507_092313,cosine_depth,0.9052831331888834,0.9999999403953552,0.7958447933197021
cosine_depth,DD,MatrixRes,GCNConv,0,B5,identity,20260507_092952,cosine_depth,0.9032281769646539,1.0,0.7716268301010132
cosine_depth,DD,MatrixRes,GCNConv,0,B6,identity,20260507_093718,cosine_depth,0.8889205985599093,1.000000238418579,0.7334353923797607
cosine_depth,DD,MatrixRes,GCNConv,0,B7,identity,20260507_094819,cosine_depth,0.9087068570984734,1.0000001192092896,0.787948727607727
cosine_depth,DD,MatrixRes,GCNConv,0,B8,identity,20260507_095714,cosine_depth,0.9151668945948283,1.0000001192092896,0.8020094633102417
cosine_depth,DD,MatrixRes,GCNConv,1,B1,identity,20260507_091301,cosine_depth,0.7580605679088168,1.0000001192092896,0.4988725185394287
cosine_depth,DD,MatrixRes,GCNConv,1,B2,identity,20260507_091548,cosine_depth,0.8423363963762919,1.0,0.600117564201355
cosine_depth,DD,MatrixRes,GCNConv,1,B3,identity,20260506_223212,cosine_depth,0.8651205235057406,1.0000001192092896,0.6815505027770996
cosine_depth,DD,MatrixRes,GCNConv,1,B3,identity,20260507_091915,cosine_depth,0.8729557063844469,1.0000001192092896,0.7038673758506775
cosine_depth,DD,MatrixRes,GCNConv,1,B4,identity,20260507_092428,cosine_depth,0.8679738574557834,1.0000001192092896,0.6978219151496887
cosine_depth,DD,MatrixRes,GCNConv,1,B5,identity,20260507_093055,cosine_depth,0.8508029447661506,1.0000001192092896,0.6630699038505554
cosine_depth,DD,MatrixRes,GCNConv,1,B6,identity,20260507_094006,cosine_depth,0.8583538399802314,1.0000001192092896,0.6602451801300049
cosine_depth,DD,MatrixRes,GCNConv,1,B7,identity,20260507_094832,cosine_depth,0.8748788038889567,1.0,0.7031628489494324
cosine_depth,DD,MatrixRes,GCNConv,1,B8,identity,20260507_100055,cosine_depth,0.8761723240216573,1.0000001192092896,0.7013506889343262
cosine_depth,DD,MatrixRes,GCNConv,2,B1,identity,20260507_091053,cosine_depth,0.8246359758906894,1.0,0.6501014232635498
cosine_depth,DD,MatrixRes,GCNConv,2,B2,identity,20260507_091502,cosine_depth,0.9387786587079366,1.000000238418579,0.8729760646820068
cosine_depth,DD,MatrixRes,GCNConv,2,B3,identity,20260506_223136,cosine_depth,0.9350685344802009,1.000000238418579,0.8522070050239563
cosine_depth,DD,MatrixRes,GCNConv,2,B3,identity,20260507_091813,cosine_depth,0.935076978471544,1.0,0.8521851897239685
cosine_depth,DD,MatrixRes,GCNConv,2,B4,identity,20260507_092315,cosine_depth,0.9369986454645792,1.0000001192092896,0.8680528402328491
cosine_depth,DD,MatrixRes,GCNConv,2,B5,identity,20260507_092933,cosine_depth,0.9344127774238586,1.0,0.8452219367027283
cosine_depth,DD,MatrixRes,GCNConv,2,B6,identity,20260507_093751,cosine_depth,0.9325640996297201,1.0000001192092896,0.8462388515472412
cosine_depth,DD,MatrixRes,GCNConv,2,B7,identity,20260507_094737,cosine_depth,0.9245331088701884,1.0,0.8297640681266785
cosine_depth,DD,MatrixRes,GCNConv,2,B8,identity,20260507_095909,cosine_depth,0.9117583831151327,1.0000001192092896,0.7903717160224915
cosine_depth,DD,MatrixRes,GCNConv,3,B1,identity,20260507_091349,cosine_depth,0.8064753346972995,1.0,0.6235318779945374
cosine_depth,DD,MatrixRes,GCNConv,3,B2,identity,20260507_091630,cosine_depth,0.9094203578101264,1.0000001192092896,0.7848981618881226
cosine_depth,DD,MatrixRes,GCNConv,3,B3,identity,20260506_223325,cosine_depth,0.9030633038944669,1.0000001192092896,0.7872344255447388
cosine_depth,DD,MatrixRes,GCNConv,3,B3,identity,20260507_092104,cosine_depth,0.9056395822101169,1.0,0.7903642058372498
cosine_depth,DD,MatrixRes,GCNConv,3,B4,identity,20260507_092640,cosine_depth,0.9067556593153212,1.0000001192092896,0.7899639010429382
cosine_depth,DD,MatrixRes,GCNConv,3,B5,identity,20260507_093417,cosine_depth,0.8961098591486613,1.000000238418579,0.7554193139076233
cosine_depth,DD,MatrixRes,GCNConv,3,B6,identity,20260507_094314,cosine_depth,0.897742423746321,1.0,0.7632880210876465
cosine_depth,DD,MatrixRes,GCNConv,3,B7,identity,20260507_095424,cosine_depth,0.9034324884414673,1.0000001192092896,0.7765950560569763
cosine_depth,DD,MatrixRes,GCNConv,3,B8,identity,20260507_100524,cosine_depth,0.9058020843399895,1.0,0.7749326825141907
cosine_depth,DD,MatrixRes,GCNConv,4,B1,identity,20260507_091317,cosine_depth,0.8344437016381158,0.9999999403953552,0.681029200553894
cosine_depth,DD,MatrixRes,GCNConv,4,B2,identity,20260507_091618,cosine_depth,0.9327257672945658,1.000000238418579,0.8534689545631409
cosine_depth,DD,MatrixRes,GCNConv,4,B3,identity,20260506_223318,cosine_depth,0.919783181614346,1.0000001192092896,0.8297566771507263
cosine_depth,DD,MatrixRes,GCNConv,4,B3,identity,20260507_092016,cosine_depth,0.9197809166378446,1.0,0.8297372460365295
cosine_depth,DD,MatrixRes,GCNConv,4,B4,identity,20260507_092533,cosine_depth,0.9336888194084167,1.0,0.8644095063209534
cosine_depth,DD,MatrixRes,GCNConv,4,B5,identity,20260507_093247,cosine_depth,0.9378400709893968,1.0,0.8548120260238647
cosine_depth,DD,MatrixRes,GCNConv,4,B6,identity,20260507_094131,cosine_depth,0.9261404408348931,1.0000001192092896,0.8289169669151306
cosine_depth,DD,MatrixRes,GCNConv,4,B7,identity,20260507_095212,cosine_depth,0.9421907464663187,0.9999999403953552,0.8861936330795288
cosine_depth,DD,MatrixRes,GCNConv,4,B8,identity,20260507_100319,cosine_depth,0.9296292199028863,1.000000238418579,0.8397949934005737
cosine_depth,DD,Plain,GCNConv,0,B3,identity,20260506_220121,cosine_depth,0.6496949460771348,1.0000001192092896,0.43253281712532043
cosine_depth,DD,Plain,GCNConv,0,B3,identity,20260506_222425,cosine_depth,0.574999729792277,1.0,0.2712257504463196
cosine_depth,DD,Plain,GCNConv,1,B3,identity,20260506_222440,cosine_depth,0.5855817529890273,1.0,0.28120169043540955
cosine_depth,DD,Plain,GCNConv,2,B3,identity,20260506_222348,cosine_depth,0.6033479637569852,1.000000238418579,0.34257546067237854
cosine_depth,DD,Plain,GCNConv,3,B3,identity,20260506_222519,cosine_depth,0.6140370104047987,1.0,0.3614005744457245
cosine_depth,DD,Plain,GCNConv,4,B3,identity,20260506_222520,cosine_depth,0.6265450914700826,1.0000001192092896,0.3654455542564392
cosine_depth,DD,VerticalRes,GCNConv,0,B3,identity,20260506_220142,cosine_depth,0.8945327930980258,1.0,0.7806894779205322
cosine_depth,DD,VerticalRes,GCNConv,0,B3,identity,20260506_222633,cosine_depth,0.7508809831407335,1.0,0.454847127199173
cosine_depth,DD,VerticalRes,GCNConv,1,B3,identity,20260506_222706,cosine_depth,0.7423809170722961,1.0000001192092896,0.5169587731361389
cosine_depth,DD,VerticalRes,GCNConv,2,B3,identity,20260506_222614,cosine_depth,0.8364773392677307,1.0,0.6516549587249756
cosine_depth,DD,VerticalRes,GCNConv,3,B3,identity,20260506_222800,cosine_depth,0.7158671352598402,1.000000238418579,0.4775253236293793
cosine_depth,DD,VerticalRes,GCNConv,4,B3,identity,20260506_222734,cosine_depth,0.799483405219184,0.9999999403953552,0.5182715058326721
cosine_depth,ENZYMES,HorizontalRes,GCNConv,0,B3,identity,20260506_220151,cosine_depth,0.5275340545922518,1.0000001192092896,0.2492772489786148
cosine_depth,ENZYMES,HorizontalRes,GCNConv,0,B3,identity,20260506_223728,cosine_depth,0.5275340676307678,1.0000001192092896,0.2492772340774536
cosine_depth,ENZYMES,HorizontalRes,GCNConv,1,B3,identity,20260506_223737,cosine_depth,0.4917394854128361,1.0,0.28706294298171997
cosine_depth,ENZYMES,HorizontalRes,GCNConv,2,B3,identity,20260506_223811,cosine_depth,0.4878369867801666,1.000000238418579,0.24411842226982117
cosine_depth,ENZYMES,HorizontalRes,GCNConv,3,B3,identity,20260506_223816,cosine_depth,0.48132549598813057,1.000000238418579,0.27885866165161133
cosine_depth,ENZYMES,HorizontalRes,GCNConv,4,B3,identity,20260506_223800,cosine_depth,0.5124406144022942,1.000000238418579,0.28980082273483276
cosine_depth,ENZYMES,MatrixResGated,GCNConv,0,B3,sparse,20260506_220157,cosine_depth,0.8920507244765759,1.0000001192092896,0.7770971655845642
cosine_depth,ENZYMES,MatrixResGated,GCNConv,0,B3,sparse,20260506_224002,cosine_depth,0.9222546219825745,1.0,0.8283771276473999
cosine_depth,ENZYMES,MatrixResGated,GCNConv,1,B3,sparse,20260506_224037,cosine_depth,0.817326258867979,0.9999999403953552,0.5444903373718262
cosine_depth,ENZYMES,MatrixResGated,GCNConv,2,B3,sparse,20260506_224110,cosine_depth,0.8292228244245052,1.000000238418579,0.577369213104248
cosine_depth,ENZYMES,MatrixResGated,GCNConv,3,B3,sparse,20260506_224126,cosine_depth,0.7554917931556702,1.0,0.4398691654205322
cosine_depth,ENZYMES,MatrixResGated,GCNConv,4,B3,sparse,20260506_224123,cosine_depth,0.8226361609995365,1.0,0.5554808378219604
cosine_depth,ENZYMES,MatrixRes,GCNConv,0,B3,identity,20260506_220155,cosine_depth,0.9023538716137409,1.0,0.7804811596870422
cosine_depth,ENZYMES,MatrixRes,GCNConv,0,B3,identity,20260506_223827,cosine_depth,0.9359605647623539,1.000000238418579,0.8388122916221619
cosine_depth,ENZYMES,MatrixRes,GCNConv,1,B3,identity,20260506_223930,cosine_depth,0.8557755462825298,1.0000001192092896,0.6186316013336182
cosine_depth,ENZYMES,MatrixRes,GCNConv,2,B3,identity,20260506_223933,cosine_depth,0.8910909630358219,1.0000001192092896,0.7003921270370483
cosine_depth,ENZYMES,MatrixRes,GCNConv,3,B3,identity,20260506_223939,cosine_depth,0.8199585601687431,1.0,0.5960730910301208
cosine_depth,ENZYMES,MatrixRes,GCNConv,4,B3,identity,20260506_224018,cosine_depth,0.8928984776139259,1.0,0.7067634463310242
cosine_depth,ENZYMES,Plain,GCNConv,0,B3,identity,20260506_220147,cosine_depth,0.483300406485796,1.0000001192092896,0.145646333694458
cosine_depth,ENZYMES,Plain,GCNConv,0,B3,identity,20260506_223546,cosine_depth,0.47182164806872606,1.0000001192092896,0.10245607048273087
cosine_depth,ENZYMES,Plain,GCNConv,1,B3,identity,20260506_223611,cosine_depth,0.4501711502671242,1.0,0.2320493459701538
cosine_depth,ENZYMES,Plain,GCNConv,2,B3,identity,20260506_223636,cosine_depth,0.4755665995180607,1.0000001192092896,0.26684442162513733
cosine_depth,ENZYMES,Plain,GCNConv,3,B3,identity,20260506_223642,cosine_depth,0.4238776434212923,1.0,0.15864704549312592
cosine_depth,ENZYMES,Plain,GCNConv,4,B3,identity,20260506_223630,cosine_depth,0.5091165527701378,1.0000001192092896,0.2241934835910797
cosine_depth,ENZYMES,VerticalRes,GCNConv,0,B3,identity,20260506_220153,cosine_depth,0.8441675044596195,1.0000001192092896,0.6316465139389038
cosine_depth,ENZYMES,VerticalRes,GCNConv,0,B3,identity,20260506_223644,cosine_depth,0.8441674970090389,1.0000001192092896,0.6316465139389038
cosine_depth,ENZYMES,VerticalRes,GCNConv,1,B3,identity,20260506_223655,cosine_depth,0.7468345835804939,1.0000001192092896,0.4264729917049408
cosine_depth,ENZYMES,VerticalRes,GCNConv,2,B3,identity,20260506_223713,cosine_depth,0.7660459913313389,1.0000001192092896,0.45333993434906006
cosine_depth,ENZYMES,VerticalRes,GCNConv,3,B3,identity,20260506_223725,cosine_depth,0.7263451889157295,1.0,0.41938307881355286
cosine_depth,ENZYMES,VerticalRes,GCNConv,4,B3,identity,20260506_223716,cosine_depth,0.7445309497416019,1.0000001192092896,0.4246838390827179
cosine_depth,PROTEINS,HorizontalRes,GCNConv,0,B1,identity,20260507_075815,cosine_depth,0.47775071673095226,1.0000001192092896,0.24444173276424408
cosine_depth,PROTEINS,HorizontalRes,GCNConv,0,B2,identity,20260507_075937,cosine_depth,0.5057764574885368,1.000000238418579,0.2961255609989166
cosine_depth,PROTEINS,HorizontalRes,GCNConv,0,B3,identity,20260506_220101,cosine_depth,0.5537150669842958,1.0000001192092896,0.21520332992076874
cosine_depth,PROTEINS,HorizontalRes,GCNConv,0,B3,identity,20260506_221921,cosine_depth,0.4609400052577257,1.0,0.17580141127109528
cosine_depth,PROTEINS,HorizontalRes,GCNConv,0,B3,identity,20260507_080101,cosine_depth,0.4647289700806141,1.000000238418579,0.17249487340450287
cosine_depth,PROTEINS,HorizontalRes,GCNConv,0,B4,identity,20260507_080459,cosine_depth,0.4892749600112438,1.0000001192092896,0.19319355487823486
cosine_depth,PROTEINS,HorizontalRes,GCNConv,0,B5,identity,20260507_080928,cosine_depth,0.496511522680521,1.0000001192092896,0.2602986693382263
cosine_depth,PROTEINS,HorizontalRes,GCNConv,0,B6,identity,20260507_081527,cosine_depth,0.46737793274223804,1.0000001192092896,0.18556217849254608
cosine_depth,PROTEINS,HorizontalRes,GCNConv,0,B7,identity,20260507_082054,cosine_depth,0.48364044912159443,1.0000001192092896,0.2213403731584549
cosine_depth,PROTEINS,HorizontalRes,GCNConv,0,B8,identity,20260507_082958,cosine_depth,0.4505637250840664,1.0000001192092896,0.19225358963012695
cosine_depth,PROTEINS,HorizontalRes,GCNConv,1,B1,identity,20260507_075823,cosine_depth,0.42791246995329857,1.000000238418579,0.19488893449306488
cosine_depth,PROTEINS,HorizontalRes,GCNConv,1,B2,identity,20260507_075956,cosine_depth,0.522204052656889,1.0000001192092896,0.2849171757698059
cosine_depth,PROTEINS,HorizontalRes,GCNConv,1,B3,identity,20260506_221942,cosine_depth,0.4421989228576422,1.0000001192092896,0.15612275898456573
cosine_depth,PROTEINS,HorizontalRes,GCNConv,1,B3,identity,20260507_080159,cosine_depth,0.44197856821119785,1.0000001192092896,0.15580880641937256
cosine_depth,PROTEINS,HorizontalRes,GCNConv,1,B4,identity,20260507_080521,cosine_depth,0.44988489151000977,1.0000001192092896,0.1477729082107544
cosine_depth,PROTEINS,HorizontalRes,GCNConv,1,B5,identity,20260507_080959,cosine_depth,0.45165819860994816,1.0000001192092896,0.17964263260364532
cosine_depth,PROTEINS,HorizontalRes,GCNConv,1,B6,identity,20260507_081602,cosine_depth,0.46358597464859486,1.000000238418579,0.17370502650737762
cosine_depth,PROTEINS,HorizontalRes,GCNConv,1,B7,identity,20260507_082355,cosine_depth,0.47005328349769115,1.0000003576278687,0.20839597284793854
cosine_depth,PROTEINS,HorizontalRes,GCNConv,1,B8,identity,20260507_083026,cosine_depth,0.49351396039128304,1.0000001192092896,0.2782811224460602
cosine_depth,PROTEINS,HorizontalRes,GCNConv,2,B1,identity,20260507_075823,cosine_depth,0.4539099372923374,1.0,0.21768827736377716
cosine_depth,PROTEINS,HorizontalRes,GCNConv,2,B2,identity,20260507_075925,cosine_depth,0.48777307383716106,1.0,0.2072034329175949
cosine_depth,PROTEINS,HorizontalRes,GCNConv,2,B3,identity,20260506_221939,cosine_depth,0.4802677184343338,1.0000001192092896,0.2139870524406433
cosine_depth,PROTEINS,HorizontalRes,GCNConv,2,B3,identity,20260507_080133,cosine_depth,0.4711873531341553,1.0000001192092896,0.1931513547897339
cosine_depth,PROTEINS,HorizontalRes,GCNConv,2,B4,identity,20260507_080434,cosine_depth,0.4905911646783352,1.0,0.22369441390037537
cosine_depth,PROTEINS,HorizontalRes,GCNConv,2,B5,identity,20260507_080908,cosine_depth,0.45978419203311205,1.0000001192092896,0.12001068145036697
cosine_depth,PROTEINS,HorizontalRes,GCNConv,2,B6,identity,20260507_081438,cosine_depth,0.45538910292088985,1.0,0.1824091225862503
cosine_depth,PROTEINS,HorizontalRes,GCNConv,2,B7,identity,20260507_082132,cosine_depth,0.46787477657198906,1.0,0.18174777925014496
cosine_depth,PROTEINS,HorizontalRes,GCNConv,2,B8,identity,20260507_082750,cosine_depth,0.4529421925544739,1.0000001192092896,0.1420021653175354
cosine_depth,PROTEINS,HorizontalRes,GCNConv,3,B1,identity,20260507_075842,cosine_depth,0.4680419433861971,1.0000001192092896,0.20221365988254547
cosine_depth,PROTEINS,HorizontalRes,GCNConv,3,B2,identity,20260507_080005,cosine_depth,0.4976454861462116,1.0000001192092896,0.19564267992973328
cosine_depth,PROTEINS,HorizontalRes,GCNConv,3,B3,identity,20260506_221946,cosine_depth,0.4910031948238611,0.9999999403953552,0.197947695851326
cosine_depth,PROTEINS,HorizontalRes,GCNConv,3,B3,identity,20260507_080205,cosine_depth,0.4983463082462549,1.0,0.18472300469875336
cosine_depth,PROTEINS,HorizontalRes,GCNConv,3,B4,identity,20260507_080632,cosine_depth,0.44017383456230164,1.0,0.15040339529514313
cosine_depth,PROTEINS,HorizontalRes,GCNConv,3,B5,identity,20260507_081128,cosine_depth,0.44369036331772804,1.0000001192092896,0.1804841160774231
cosine_depth,PROTEINS,HorizontalRes,GCNConv,3,B6,identity,20260507_081811,cosine_depth,0.4456025380641222,1.0000001192092896,0.19862042367458344
cosine_depth,PROTEINS,HorizontalRes,GCNConv,3,B7,identity,20260507_082431,cosine_depth,0.42367403395473957,1.000000238418579,0.1683104932308197
cosine_depth,PROTEINS,HorizontalRes,GCNConv,3,B8,identity,20260507_083143,cosine_depth,0.459685031324625,1.0000001192092896,0.20131056010723114
cosine_depth,PROTEINS,HorizontalRes,GCNConv,4,B1,identity,20260507_075844,cosine_depth,0.5058857090771198,1.0000001192092896,0.28767526149749756
cosine_depth,PROTEINS,HorizontalRes,GCNConv,4,B2,identity,20260507_080009,cosine_depth,0.5621215552091599,1.000000238418579,0.3380545973777771
cosine_depth,PROTEINS,HorizontalRes,GCNConv,4,B3,identity,20260506_222002,cosine_depth,0.4912223815917969,1.000000238418579,0.2699165344238281
cosine_depth,PROTEINS,HorizontalRes,GCNConv,4,B3,identity,20260507_080231,cosine_depth,0.49445709958672523,1.0,0.27510735392570496
cosine_depth,PROTEINS,HorizontalRes,GCNConv,4,B4,identity,20260507_080621,cosine_depth,0.46922503411769867,1.0000001192092896,0.1358421891927719
cosine_depth,PROTEINS,HorizontalRes,GCNConv,4,B5,identity,20260507_081113,cosine_depth,0.5319566838443279,1.000000238418579,0.2406250536441803
cosine_depth,PROTEINS,HorizontalRes,GCNConv,4,B6,identity,20260507_081740,cosine_depth,0.516498738899827,1.0,0.2448679655790329
cosine_depth,PROTEINS,HorizontalRes,GCNConv,4,B7,identity,20260507_082332,cosine_depth,0.523881085216999,0.9999999403953552,0.20764648914337158
cosine_depth,PROTEINS,HorizontalRes,GCNConv,4,B8,identity,20260507_083156,cosine_depth,0.5751464627683163,1.0000001192092896,0.4080965518951416
cosine_depth,PROTEINS,MatrixResGated,GCNConv,0,B1,sparse,20260507_091732,cosine_depth,0.7523503340780735,1.0000001192092896,0.5171661972999573
cosine_depth,PROTEINS,MatrixResGated,GCNConv,0,B2,sparse,20260507_092148,cosine_depth,0.8460476286709309,1.0000001192092896,0.6449102163314819
cosine_depth,PROTEINS,MatrixResGated,GCNConv,0,B3,sparse,20260506_220105,cosine_depth,0.9129929058253765,1.000000238418579,0.8120391368865967
cosine_depth,PROTEINS,MatrixResGated,GCNConv,0,B3,sparse,20260506_222218,cosine_depth,0.8716343268752098,1.000000238418579,0.6900579929351807
cosine_depth,PROTEINS,MatrixResGated,GCNConv,0,B3,sparse,20260507_080508,cosine_depth,0.8935041911900043,1.0000001192092896,0.7446009516716003
cosine_depth,PROTEINS,MatrixResGated,GCNConv,0,B3,sparse,20260507_080732,cosine_depth,0.8622749038040638,1.000000238418579,0.6687113046646118
cosine_depth,PROTEINS,MatrixResGated,GCNConv,0,B3,sparse,20260507_080735,cosine_depth,0.8842064328491688,1.0000001192092896,0.7243856191635132
cosine_depth,PROTEINS,MatrixResGated,GCNConv,0,B3,sparse,20260507_080741,cosine_depth,0.797912672162056,1.0,0.5423398017883301
cosine_depth,PROTEINS,MatrixResGated,GCNConv,0,B3,sparse,20260507_081000,cosine_depth,0.8992141634225845,1.0000001192092896,0.751895546913147
cosine_depth,PROTEINS,MatrixResGated,GCNConv,0,B3,sparse,20260507_081007,cosine_depth,0.867515217512846,1.0000001192092896,0.6776836514472961
cosine_depth,PROTEINS,MatrixResGated,GCNConv,0,B3,sparse,20260507_081014,cosine_depth,0.8070420436561108,1.0000001192092896,0.5730503797531128
cosine_depth,PROTEINS,MatrixResGated,GCNConv,0,B3,sparse,20260507_081237,cosine_depth,0.7474121861159801,1.0,0.4615482985973358
cosine_depth,PROTEINS,MatrixResGated,GCNConv,0,B3,sparse,20260507_081244,cosine_depth,0.8984744101762772,1.0,0.7360264658927917
cosine_depth,PROTEINS,MatrixResGated,GCNConv,0,B3,sparse,20260507_081253,cosine_depth,0.8617622889578342,1.0,0.665969729423523
cosine_depth,PROTEINS,MatrixResGated,GCNConv,0,B3,sparse,20260507_081510,cosine_depth,0.8074729852378368,1.0000001192092896,0.5496946573257446
cosine_depth,PROTEINS,MatrixResGated,GCNConv,0,B3,sparse,20260507_081524,cosine_depth,0.9130416475236416,1.000000238418579,0.7688736915588379
cosine_depth,PROTEINS,MatrixResGated,GCNConv,0,B3,sparse,20260507_081533,cosine_depth,0.8913917057216167,1.0000001192092896,0.7346265316009521
cosine_depth,PROTEINS,MatrixResGated,GCNConv,0,B3,sparse,20260507_081752,cosine_depth,0.8643495216965675,1.0,0.6756675243377686
cosine_depth,PROTEINS,MatrixResGated,GCNConv,0,B3,sparse,20260507_081805,cosine_depth,0.7961824424564838,1.0,0.5311777591705322
cosine_depth,PROTEINS,MatrixResGated,GCNConv,0,B3,sparse,20260507_081814,cosine_depth,0.659425288438797,1.0000001192092896,0.4735017716884613
cosine_depth,PROTEINS,MatrixResGated,GCNConv,0,B3,sparse,20260507_082035,cosine_depth,0.8051802590489388,1.0000001192092896,0.595970630645752
cosine_depth,PROTEINS,MatrixResGated,GCNConv,0,B3,sparse,20260507_082048,cosine_depth,0.8616315759718418,1.000000238418579,0.6670328974723816
cosine_depth,PROTEINS,MatrixResGated,GCNConv,0,B3,sparse,20260507_082057,cosine_depth,0.8904677890241146,1.000000238418579,0.7338573336601257
cosine_depth,PROTEINS,MatrixResGated,GCNConv,0,B3,sparse,20260507_092516,cosine_depth,0.8652204908430576,1.0000001192092896,0.6853091716766357
cosine_depth,PROTEINS,MatrixResGated,GCNConv,0,B4,sparse,20260507_092906,cosine_depth,0.8581961616873741,1.0000001192092896,0.6670606136322021
cosine_depth,PROTEINS,MatrixResGated,GCNConv,0,B5,sparse,20260507_093625,cosine_depth,0.8610377050936222,1.000000238418579,0.6921117305755615
cosine_depth,PROTEINS,MatrixResGated,GCNConv,0,B6,sparse,20260507_094310,cosine_depth,0.8700963295996189,1.000000238418579,0.7242580056190491
cosine_depth,PROTEINS,MatrixResGated,GCNConv,0,B7,sparse,20260507_095516,cosine_depth,0.8518215902149677,1.0,0.6295005679130554
cosine_depth,PROTEINS,MatrixResGated,GCNConv,0,B8,sparse,20260507_100244,cosine_depth,0.8489412032067776,0.9999999403953552,0.6269872188568115
cosine_depth,PROTEINS,MatrixResGated,GCNConv,1,B1,sparse,20260507_091839,cosine_depth,0.7288773320615292,1.0,0.4879794716835022
cosine_depth,PROTEINS,MatrixResGated,GCNConv,1,B2,sparse,20260507_092143,cosine_depth,0.8823701404035091,1.000000238418579,0.7092620730400085
cosine_depth,PROTEINS,MatrixResGated,GCNConv,1,B3,sparse,20260506_222231,cosine_depth,0.884767446666956,1.0000001192092896,0.7226923704147339
cosine_depth,PROTEINS,MatrixResGated,GCNConv,1,B3,sparse,20260507_092610,cosine_depth,0.884090006351471,1.0,0.7125295996665955
cosine_depth,PROTEINS,MatrixResGated,GCNConv,1,B4,sparse,20260507_092943,cosine_depth,0.8703296296298504,1.0000001192092896,0.6956236362457275
cosine_depth,PROTEINS,MatrixResGated,GCNConv,1,B5,sparse,20260507_093636,cosine_depth,0.8546398989856243,1.0000001192092896,0.6953155398368835
cosine_depth,PROTEINS,MatrixResGated,GCNConv,1,B6,sparse,20260507_094557,cosine_depth,0.8635464981198311,1.0000001192092896,0.6982486844062805
cosine_depth,PROTEINS,MatrixResGated,GCNConv,1,B7,sparse,20260507_095442,cosine_depth,0.860811997205019,1.0000003576278687,0.6573262214660645
cosine_depth,PROTEINS,MatrixResGated,GCNConv,1,B8,sparse,20260507_100451,cosine_depth,0.8655492626130581,1.000000238418579,0.6778206825256348
cosine_depth,PROTEINS,MatrixResGated,GCNConv,2,B1,sparse,20260507_091922,cosine_depth,0.7172037959098816,1.0000001192092896,0.4462681710720062
cosine_depth,PROTEINS,MatrixResGated,GCNConv,2,B2,sparse,20260507_092158,cosine_depth,0.8718334548175335,1.0000001192092896,0.68570476770401
cosine_depth,PROTEINS,MatrixResGated,GCNConv,2,B3,sparse,20260506_222245,cosine_depth,0.8746011406183243,1.0000001192092896,0.7086483836174011
cosine_depth,PROTEINS,MatrixResGated,GCNConv,2,B3,sparse,20260507_092611,cosine_depth,0.8751982226967812,1.000000238418579,0.7067470550537109
cosine_depth,PROTEINS,MatrixResGated,GCNConv,2,B4,sparse,20260507_093053,cosine_depth,0.8673402704298496,1.0000001192092896,0.7004520297050476
cosine_depth,PROTEINS,MatrixResGated,GCNConv,2,B5,sparse,20260507_093532,cosine_depth,0.8575476035475731,1.0000001192092896,0.6431677341461182
cosine_depth,PROTEINS,MatrixResGated,GCNConv,2,B6,sparse,20260507_094601,cosine_depth,0.8551309891045094,1.0,0.6533083319664001
cosine_depth,PROTEINS,MatrixResGated,GCNConv,2,B7,sparse,20260507_095434,cosine_depth,0.8569638095796108,1.000000238418579,0.6431100964546204
cosine_depth,PROTEINS,MatrixResGated,GCNConv,2,B8,sparse,20260507_100705,cosine_depth,0.8699852004647255,1.0000001192092896,0.679923951625824
cosine_depth,PROTEINS,MatrixResGated,GCNConv,3,B1,sparse,20260507_092001,cosine_depth,0.726332537829876,1.0000001192092896,0.4281970262527466
cosine_depth,PROTEINS,MatrixResGated,GCNConv,3,B2,sparse,20260507_092323,cosine_depth,0.8598382137715816,1.0000001192092896,0.6681882739067078
cosine_depth,PROTEINS,MatrixResGated,GCNConv,3,B3,sparse,20260506_222301,cosine_depth,0.8924445137381554,1.0000001192092896,0.7197023630142212
cosine_depth,PROTEINS,MatrixResGated,GCNConv,3,B3,sparse,20260507_092711,cosine_depth,0.8945866674184799,0.9999999403953552,0.7293906807899475
cosine_depth,PROTEINS,MatrixResGated,GCNConv,3,B4,sparse,20260507_093152,cosine_depth,0.8715173676609993,1.0,0.6970005631446838
cosine_depth,PROTEINS,MatrixResGated,GCNConv,3,B5,sparse,20260507_094027,cosine_depth,0.8557566553354263,1.0,0.6832261681556702
cosine_depth,PROTEINS,MatrixResGated,GCNConv,3,B6,sparse,20260507_094828,cosine_depth,0.8714067786931992,1.0,0.6881964206695557
cosine_depth,PROTEINS,MatrixResGated,GCNConv,3,B7,sparse,20260507_100112,cosine_depth,0.8708580657839775,1.000000238418579,0.6866470575332642
cosine_depth,PROTEINS,MatrixResGated,GCNConv,3,B8,sparse,20260507_100847,cosine_depth,0.8655796274542809,1.0,0.6826358437538147
cosine_depth,PROTEINS,MatrixResGated,GCNConv,4,B1,sparse,20260507_091950,cosine_depth,0.7634249702095985,1.0000001192092896,0.4841806888580322
cosine_depth,PROTEINS,MatrixResGated,GCNConv,4,B2,sparse,20260507_092250,cosine_depth,0.8941052667796612,1.0000001192092896,0.7391906380653381
cosine_depth,PROTEINS,MatrixResGated,GCNConv,4,B3,sparse,20260506_222306,cosine_depth,0.896626066416502,1.0000001192092896,0.745346188545227
cosine_depth,PROTEINS,MatrixResGated,GCNConv,4,B3,sparse,20260507_092751,cosine_depth,0.8967956267297268,1.0000001192092896,0.7453960180282593
cosine_depth,PROTEINS,MatrixResGated,GCNConv,4,B4,sparse,20260507_093147,cosine_depth,0.8846737444400787,1.0000001192092896,0.7079629302024841
cosine_depth,PROTEINS,MatrixResGated,GCNConv,4,B5,sparse,20260507_093905,cosine_depth,0.8990370817482471,1.0000001192092896,0.7429482936859131
cosine_depth,PROTEINS,MatrixResGated,GCNConv,4,B6,sparse,20260507_094911,cosine_depth,0.8971917107701302,1.000000238418579,0.7468104362487793
cosine_depth,PROTEINS,MatrixResGated,GCNConv,4,B7,sparse,20260507_095833,cosine_depth,0.8775338903069496,1.0,0.7199877500534058
cosine_depth,PROTEINS,MatrixResGated,GCNConv,4,B8,sparse,20260507_100813,cosine_depth,0.9136613495647907,1.0000001192092896,0.7943652868270874
cosine_depth,PROTEINS,MatrixRes,GCNConv,0,B1,identity,20260507_083105,cosine_depth,0.79728177562356,0.9999999403953552,0.5612730979919434
cosine_depth,PROTEINS,MatrixRes,GCNConv,0,B2,identity,20260507_083422,cosine_depth,0.9135743342339993,1.0000001192092896,0.7697362899780273
cosine_depth,PROTEINS,MatrixRes,GCNConv,0,B3,identity,20260506_220101,cosine_depth,0.9186348021030426,1.000000238418579,0.8017748594284058
cosine_depth,PROTEINS,MatrixRes,GCNConv,0,B3,identity,20260506_222106,cosine_depth,0.9084082469344139,1.0000001192092896,0.7708122134208679
cosine_depth,PROTEINS,MatrixRes,GCNConv,0,B3,identity,20260507_075923,cosine_depth,0.9152370914816856,1.0,0.7808435559272766
cosine_depth,PROTEINS,MatrixRes,GCNConv,0,B3,identity,20260507_075924,cosine_depth,0.9197431430220604,1.000000238418579,0.7956200838088989
cosine_depth,PROTEINS,MatrixRes,GCNConv,0,B3,identity,20260507_080102,cosine_depth,0.9149948805570602,1.0000001192092896,0.7799675464630127
cosine_depth,PROTEINS,MatrixRes,GCNConv,0,B3,identity,20260507_080247,cosine_depth,0.9155570864677429,1.0,0.7700783610343933
cosine_depth,PROTEINS,MatrixRes,GCNConv,0,B3,identity,20260507_080250,cosine_depth,0.8982245363295078,1.0000001192092896,0.7294021844863892
cosine_depth,PROTEINS,MatrixRes,GCNConv,0,B3,identity,20260507_080253,cosine_depth,0.8263672068715096,1.000000238418579,0.5923819541931152
cosine_depth,PROTEINS,MatrixRes,GCNConv,0,B3,identity,20260507_080503,cosine_depth,0.9046641327440739,1.0000001192092896,0.7582735419273376
cosine_depth,PROTEINS,MatrixRes,GCNConv,0,B3,identity,20260507_080515,cosine_depth,0.8965003974735737,1.0000001192092896,0.731986939907074
cosine_depth,PROTEINS,MatrixRes,GCNConv,0,B3,identity,20260507_083719,cosine_depth,0.9028227254748344,1.0000001192092896,0.7550939321517944
cosine_depth,PROTEINS,MatrixRes,GCNConv,0,B4,identity,20260507_084432,cosine_depth,0.9137229807674885,0.9999999403953552,0.7648172974586487
cosine_depth,PROTEINS,MatrixRes,GCNConv,0,B5,identity,20260507_084950,cosine_depth,0.9131171144545078,1.0000001192092896,0.787042498588562
cosine_depth,PROTEINS,MatrixRes,GCNConv,0,B6,identity,20260507_085951,cosine_depth,0.9009768776595592,1.0000001192092896,0.7306718230247498
cosine_depth,PROTEINS,MatrixRes,GCNConv,0,B7,identity,20260507_090742,cosine_depth,0.9116567075252533,1.0000003576278687,0.747460663318634
cosine_depth,PROTEINS,MatrixRes,GCNConv,0,B8,identity,20260507_091235,cosine_depth,0.8824746496975422,1.0,0.6912267208099365
cosine_depth,PROTEINS,MatrixRes,GCNConv,1,B1,identity,20260507_083150,cosine_depth,0.8123410493135452,1.0000001192092896,0.6014090776443481
cosine_depth,PROTEINS,MatrixRes,GCNConv,1,B2,identity,20260507_083416,cosine_depth,0.9284956492483616,1.0,0.807113528251648
cosine_depth,PROTEINS,MatrixRes,GCNConv,1,B3,identity,20260506_214212,cosine_depth,0.9465351849794388,1.0,0.8930703997612
cosine_depth,PROTEINS,MatrixRes,GCNConv,1,B3,identity,20260506_222107,cosine_depth,0.915418516844511,1.0,0.7699986696243286
cosine_depth,PROTEINS,MatrixRes,GCNConv,1,B3,identity,20260507_083942,cosine_depth,0.9129432290792465,1.0000001192092896,0.7730129361152649
cosine_depth,PROTEINS,MatrixRes,GCNConv,1,B4,identity,20260507_084525,cosine_depth,0.9208710826933384,1.0000001192092896,0.799924373626709
cosine_depth,PROTEINS,MatrixRes,GCNConv,1,B5,identity,20260507_085216,cosine_depth,0.922033965587616,1.0,0.8009368181228638
cosine_depth,PROTEINS,MatrixRes,GCNConv,1,B6,identity,20260507_090232,cosine_depth,0.8991473019123077,1.0,0.733771562576294
cosine_depth,PROTEINS,MatrixRes,GCNConv,1,B7,identity,20260507_090809,cosine_depth,0.9191849604249,1.0000001192092896,0.7744870781898499
cosine_depth,PROTEINS,MatrixRes,GCNConv,1,B8,identity,20260507_091459,cosine_depth,0.9096562676131725,1.0000001192092896,0.7484569549560547
cosine_depth,PROTEINS,MatrixRes,GCNConv,2,B1,identity,20260507_083232,cosine_depth,0.7610258832573891,1.0,0.504912257194519
cosine_depth,PROTEINS,MatrixRes,GCNConv,2,B2,identity,20260507_083404,cosine_depth,0.9057167656719685,1.000000238418579,0.7507721185684204
cosine_depth,PROTEINS,MatrixRes,GCNConv,2,B3,identity,20260506_222104,cosine_depth,0.9029440507292747,1.0000001192092896,0.7557505369186401
cosine_depth,PROTEINS,MatrixRes,GCNConv,2,B3,identity,20260507_083830,cosine_depth,0.9137157946825027,1.0,0.7846071124076843
cosine_depth,PROTEINS,MatrixRes,GCNConv,2,B4,identity,20260507_084348,cosine_depth,0.9222914278507233,1.0000001192092896,0.7940796613693237
cosine_depth,PROTEINS,MatrixRes,GCNConv,2,B5,identity,20260507_085115,cosine_depth,0.9143847264349461,1.0000001192092896,0.7530930638313293
cosine_depth,PROTEINS,MatrixRes,GCNConv,2,B6,identity,20260507_090230,cosine_depth,0.8962177634239197,1.0000001192092896,0.714885413646698
cosine_depth,PROTEINS,MatrixRes,GCNConv,2,B7,identity,20260507_090804,cosine_depth,0.9100931994616985,1.000000238418579,0.7482507228851318
cosine_depth,PROTEINS,MatrixRes,GCNConv,2,B8,identity,20260507_091657,cosine_depth,0.8897344619035721,1.0000001192092896,0.6926307678222656
cosine_depth,PROTEINS,MatrixRes,GCNConv,3,B1,identity,20260507_083236,cosine_depth,0.7685449942946434,1.000000238418579,0.5049924254417419
cosine_depth,PROTEINS,MatrixRes,GCNConv,3,B2,identity,20260507_083532,cosine_depth,0.9240967556834221,0.9999998807907104,0.7998098731040955
cosine_depth,PROTEINS,MatrixRes,GCNConv,3,B3,identity,20260506_222145,cosine_depth,0.9261285439133644,1.0000001192092896,0.8010715246200562
cosine_depth,PROTEINS,MatrixRes,GCNConv,3,B3,identity,20260507_083939,cosine_depth,0.9267940856516361,1.0000001192092896,0.805236279964447
cosine_depth,PROTEINS,MatrixRes,GCNConv,3,B4,identity,20260507_084730,cosine_depth,0.9254169054329395,1.0,0.794151246547699
cosine_depth,PROTEINS,MatrixRes,GCNConv,3,B5,identity,20260507_085525,cosine_depth,0.9150388315320015,1.0000001192092896,0.7778388261795044
cosine_depth,PROTEINS,MatrixRes,GCNConv,3,B6,identity,20260507_090444,cosine_depth,0.9084724560379982,1.0000001192092896,0.7503260970115662
cosine_depth,PROTEINS,MatrixRes,GCNConv,3,B7,identity,20260507_091123,cosine_depth,0.9176032990217209,1.0,0.7685868740081787
cosine_depth,PROTEINS,MatrixRes,GCNConv,3,B8,identity,20260507_092043,cosine_depth,0.9196332953870296,1.0,0.7816000580787659
cosine_depth,PROTEINS,MatrixRes,GCNConv,4,B1,identity,20260507_083227,cosine_depth,0.8330627493560314,1.0,0.6036074757575989
cosine_depth,PROTEINS,MatrixRes,GCNConv,4,B2,identity,20260507_083520,cosine_depth,0.9391380585730076,1.000000238418579,0.8471823930740356
cosine_depth,PROTEINS,MatrixRes,GCNConv,4,B3,identity,20260506_222142,cosine_depth,0.9339345991611481,1.0000001192092896,0.8258554339408875
cosine_depth,PROTEINS,MatrixRes,GCNConv,4,B3,identity,20260507_084012,cosine_depth,0.9339362382888794,1.0,0.8258528709411621
cosine_depth,PROTEINS,MatrixRes,GCNConv,4,B4,identity,20260507_084644,cosine_depth,0.9148957580327988,1.0,0.7680659294128418
cosine_depth,PROTEINS,MatrixRes,GCNConv,4,B5,identity,20260507_085419,cosine_depth,0.9394853748381138,1.000000238418579,0.8385969996452332
cosine_depth,PROTEINS,MatrixRes,GCNConv,4,B6,identity,20260507_090504,cosine_depth,0.9218767024576664,1.0000001192092896,0.7869700193405151
cosine_depth,PROTEINS,MatrixRes,GCNConv,4,B7,identity,20260507_091019,cosine_depth,0.9296205416321754,1.0000001192092896,0.8105856776237488
cosine_depth,PROTEINS,MatrixRes,GCNConv,4,B8,identity,20260507_091919,cosine_depth,0.932365033775568,1.0000001192092896,0.8054779767990112
cosine_depth,PROTEINS,Plain,GCNConv,0,B3,identity,20260506_220056,cosine_depth,0.5409466959536076,1.0000001192092896,0.1061866283416748
cosine_depth,PROTEINS,Plain,GCNConv,0,B3,identity,20260506_221748,cosine_depth,0.4669406656175852,1.0000001192092896,0.20513959228992462
cosine_depth,PROTEINS,Plain,GCNConv,1,B3,identity,20260506_221803,cosine_depth,0.48280248418450356,1.0000001192092896,0.2647247314453125
cosine_depth,PROTEINS,Plain,GCNConv,2,B3,identity,20260506_221755,cosine_depth,0.46531964652240276,1.0000001192092896,0.21353848278522491
cosine_depth,PROTEINS,Plain,GCNConv,3,B3,identity,20260506_221806,cosine_depth,0.47537765838205814,1.0,0.1946476548910141
cosine_depth,PROTEINS,Plain,GCNConv,4,B3,identity,20260506_221810,cosine_depth,0.5189022701233625,1.000000238418579,0.24286045134067535
cosine_depth,PROTEINS,VerticalRes,GCNConv,0,B3,identity,20260506_220057,cosine_depth,0.8521714583039284,1.0,0.6357216238975525
cosine_depth,PROTEINS,VerticalRes,GCNConv,0,B3,identity,20260506_221829,cosine_depth,0.7703195735812187,1.0000001192092896,0.49971628189086914
cosine_depth,PROTEINS,VerticalRes,GCNConv,1,B3,identity,20260506_221850,cosine_depth,0.77884766086936,1.0000001192092896,0.4656067490577698
cosine_depth,PROTEINS,VerticalRes,GCNConv,2,B3,identity,20260506_220018,cosine_depth,0.8967493772506714,1.0,0.7934987545013428
cosine_depth,PROTEINS,VerticalRes,GCNConv,2,B3,identity,20260506_221844,cosine_depth,0.8453110083937645,1.0000001192092896,0.6422346234321594
cosine_depth,PROTEINS,VerticalRes,GCNConv,3,B3,identity,20260506_221851,cosine_depth,0.8481754623353481,1.0,0.6885446906089783
cosine_depth,PROTEINS,VerticalRes,GCNConv,4,B3,identity,20260506_221901,cosine_depth,0.8349393047392368,0.9999999403953552,0.6242576837539673
