artifact,dataset,model,operator,fold,branches,residual_mode,timestamp,grad_rows,mean_grad_norm,grad_max,grad_min
gradient_by_layer,DD,HorizontalRes,GCNConv,0,B1,identity,20260507_080131,8,0.1271592197008431,0.4895128905773163,0.02895803563296795
gradient_by_layer,DD,HorizontalRes,GCNConv,0,B2,identity,20260507_080428,15,0.09278370291770746,0.342634916305542,0.0007564389379695058
gradient_by_layer,DD,HorizontalRes,GCNConv,0,B3,identity,20260506_220125,21,0.019577420405333952,0.07350756227970123,0.00699433870613575
gradient_by_layer,DD,HorizontalRes,GCNConv,0,B3,identity,20260506_222850,21,0.09677237507310651,0.41197171807289124,0.012746443971991539
gradient_by_layer,DD,HorizontalRes,GCNConv,0,B3,identity,20260507_080744,21,0.09708837087133101,0.42867031693458557,0.012593499384820461
gradient_by_layer,DD,HorizontalRes,GCNConv,0,B4,identity,20260507_081259,27,0.04002865251257188,0.1792392134666443,0.00374055583961308
gradient_by_layer,DD,HorizontalRes,GCNConv,0,B5,identity,20260507_081815,33,0.04920486121607775,0.24470186233520508,0.003364164149388671
gradient_by_layer,DD,HorizontalRes,GCNConv,0,B6,identity,20260507_083144,39,0.09445796955902225,0.46991604566574097,0.003804038744419813
gradient_by_layer,DD,HorizontalRes,GCNConv,0,B7,identity,20260507_084435,45,0.036584437566084996,0.20674625039100647,0.0010366274509578943
gradient_by_layer,DD,HorizontalRes,GCNConv,0,B8,identity,20260507_085842,51,0.0626303593025488,0.29574668407440186,0.002271548844873905
gradient_by_layer,DD,HorizontalRes,GCNConv,1,B1,identity,20260507_080133,8,0.03013885553809814,0.11713077872991562,0.0013008450623601675
gradient_by_layer,DD,HorizontalRes,GCNConv,1,B2,identity,20260507_080434,15,0.15967383480941255,0.6274960041046143,0.002701211255043745
gradient_by_layer,DD,HorizontalRes,GCNConv,1,B3,identity,20260506_222945,21,0.03615916407267962,0.15600712597370148,0.0044237240217626095
gradient_by_layer,DD,HorizontalRes,GCNConv,1,B3,identity,20260507_080912,21,0.0253090261526051,0.11055814474821091,0.002015456324443221
gradient_by_layer,DD,HorizontalRes,GCNConv,1,B4,identity,20260507_081317,27,0.014761137717869133,0.0807492807507515,0.0008641258464194834
gradient_by_layer,DD,HorizontalRes,GCNConv,1,B5,identity,20260507_082034,33,0.013450965145955595,0.06301140040159225,0.00045661930926144123
gradient_by_layer,DD,HorizontalRes,GCNConv,1,B6,identity,20260507_083052,39,0.060182735873147465,0.34075701236724854,0.002687032800167799
gradient_by_layer,DD,HorizontalRes,GCNConv,1,B7,identity,20260507_084403,45,0.041868099941509876,0.24593324959278107,0.000832647958304733
gradient_by_layer,DD,HorizontalRes,GCNConv,1,B8,identity,20260507_090250,51,0.025789029540165383,0.14220082759857178,0.0011477574007585645
gradient_by_layer,DD,HorizontalRes,GCNConv,2,B1,identity,20260507_075921,8,0.12961257109418511,0.48424941301345825,0.03967348113656044
gradient_by_layer,DD,HorizontalRes,GCNConv,2,B2,identity,20260507_080344,15,0.01713749747723341,0.043687719851732254,0.0073674581944942474
gradient_by_layer,DD,HorizontalRes,GCNConv,2,B3,identity,20260506_222853,21,0.010533832213176149,0.03553074225783348,0.003007414983585477
gradient_by_layer,DD,HorizontalRes,GCNConv,2,B3,identity,20260507_080729,21,0.010625015367709455,0.035378288477659225,0.0030228933319449425
gradient_by_layer,DD,HorizontalRes,GCNConv,2,B4,identity,20260507_081217,27,0.030173065951438965,0.11268709599971771,0.0057076564989984035
gradient_by_layer,DD,HorizontalRes,GCNConv,2,B5,identity,20260507_081758,33,0.05098150111734867,0.19112782180309296,0.0023097717203199863
gradient_by_layer,DD,HorizontalRes,GCNConv,2,B6,identity,20260507_082721,39,0.03834971810619418,0.18339741230010986,0.00445142388343811
gradient_by_layer,DD,HorizontalRes,GCNConv,2,B7,identity,20260507_084116,45,0.0076717384263045255,0.04159806668758392,0.0023318121675401926
gradient_by_layer,DD,HorizontalRes,GCNConv,2,B8,identity,20260507_085447,51,0.03006422936952874,0.1131567507982254,0.0038726795464754105
gradient_by_layer,DD,HorizontalRes,GCNConv,3,B1,identity,20260507_080159,8,0.05979069811291993,0.24728547036647797,0.006701693870127201
gradient_by_layer,DD,HorizontalRes,GCNConv,3,B2,identity,20260507_080600,15,0.0719245241334041,0.268044650554657,0.00942746177315712
gradient_by_layer,DD,HorizontalRes,GCNConv,3,B3,identity,20260506_223023,21,0.047152585726940914,0.21835501492023468,0.004657539073377848
gradient_by_layer,DD,HorizontalRes,GCNConv,3,B3,identity,20260507_081025,21,0.03866532846309599,0.17702187597751617,0.0047492459416389465
gradient_by_layer,DD,HorizontalRes,GCNConv,3,B4,identity,20260507_081539,27,0.08170534791079936,0.37680602073669434,0.008731919340789318
gradient_by_layer,DD,HorizontalRes,GCNConv,3,B5,identity,20260507_082259,33,0.02761545655966708,0.11598623543977737,0.0022544667590409517
gradient_by_layer,DD,HorizontalRes,GCNConv,3,B6,identity,20260507_083353,39,0.04921019302967649,0.2519071400165558,0.0028747119940817356
gradient_by_layer,DD,HorizontalRes,GCNConv,3,B7,identity,20260507_084923,45,0.02144904633363088,0.08127497881650925,0.002133285626769066
gradient_by_layer,DD,HorizontalRes,GCNConv,3,B8,identity,20260507_090604,51,0.04094809391444512,0.20312245190143585,0.002684465842321515
gradient_by_layer,DD,HorizontalRes,GCNConv,4,B1,identity,20260507_080232,8,0.14483457850292325,0.4866761863231659,0.0454799123108387
gradient_by_layer,DD,HorizontalRes,GCNConv,4,B2,identity,20260507_080544,15,0.024369548757870993,0.08294360339641571,0.005967282690107822
gradient_by_layer,DD,HorizontalRes,GCNConv,4,B3,identity,20260506_222946,21,0.027136207624737705,0.09452690929174423,0.003943629562854767
gradient_by_layer,DD,HorizontalRes,GCNConv,4,B3,identity,20260507_080918,21,0.03149196645244956,0.11183124035596848,0.004468496423214674
gradient_by_layer,DD,HorizontalRes,GCNConv,4,B4,identity,20260507_081457,27,0.01252590002561057,0.06189299002289772,0.0038019877392798662
gradient_by_layer,DD,HorizontalRes,GCNConv,4,B5,identity,20260507_082051,33,0.007480249034635948,0.04717355594038963,0.0012724249390885234
gradient_by_layer,DD,HorizontalRes,GCNConv,4,B6,identity,20260507_083618,39,0.014588691980745166,0.07687672972679138,0.002178840572014451
gradient_by_layer,DD,HorizontalRes,GCNConv,4,B7,identity,20260507_084858,45,0.010340639214134879,0.040910545736551285,0.002055148361250758
gradient_by_layer,DD,HorizontalRes,GCNConv,4,B8,identity,20260507_090423,51,0.009861463228898013,0.07462098449468613,0.002155689522624016
gradient_by_layer,DD,MatrixResGated,GCNConv,0,B1,sparse,20260507_100211,9,0.19140436506778416,0.8911229968070984,0.0005557244876399636
gradient_by_layer,DD,MatrixResGated,GCNConv,0,B2,sparse,20260507_100630,15,0.12532921706636746,0.4767833650112152,0.01100463792681694
gradient_by_layer,DD,MatrixResGated,GCNConv,0,B3,sparse,20260506_220134,21,0.013728700500602523,0.04366505146026611,0.00322462385520339
gradient_by_layer,DD,MatrixResGated,GCNConv,0,B3,sparse,20260506_223423,21,0.10977028035337016,0.4828799366950989,0.01052218396216631
gradient_by_layer,DD,MatrixResGated,GCNConv,0,B3,sparse,20260507_084029,21,0.18041545888852506,0.7968741655349731,0.006227944046258926
gradient_by_layer,DD,MatrixResGated,GCNConv,0,B3,sparse,20260507_084411,21,0.15669388882815838,0.6974680423736572,0.011625823564827442
gradient_by_layer,DD,MatrixResGated,GCNConv,0,B3,sparse,20260507_084458,21,0.0665703115186521,0.26341724395751953,0.007305119186639786
gradient_by_layer,DD,MatrixResGated,GCNConv,0,B3,sparse,20260507_084733,21,0.08857698658747333,0.39808934926986694,0.0103274155408144
gradient_by_layer,DD,MatrixResGated,GCNConv,0,B3,sparse,20260507_084843,21,0.10716344367357947,0.47287553548812866,0.008616458624601364
gradient_by_layer,DD,MatrixResGated,GCNConv,0,B3,sparse,20260507_084944,21,0.19593606277235917,0.8816940784454346,0.01790390908718109
gradient_by_layer,DD,MatrixResGated,GCNConv,0,B3,sparse,20260507_085156,21,0.1914476193931131,0.8706467747688293,0.015151874162256718
gradient_by_layer,DD,MatrixResGated,GCNConv,0,B3,sparse,20260507_085303,21,0.04444144775957933,0.19440962374210358,0.0035340478643774986
gradient_by_layer,DD,MatrixResGated,GCNConv,0,B3,sparse,20260507_085353,21,0.027817728047791337,0.11091261357069016,0.0019029454560950398
gradient_by_layer,DD,MatrixResGated,GCNConv,0,B3,sparse,20260507_085613,21,0.12596554974360125,0.5565429329872131,0.01096187625080347
gradient_by_layer,DD,MatrixResGated,GCNConv,0,B3,sparse,20260507_085803,21,0.20129826780231225,0.888449490070343,0.019383272156119347
gradient_by_layer,DD,MatrixResGated,GCNConv,0,B3,sparse,20260507_085958,21,0.2071865727858884,0.9188889861106873,0.012570017948746681
gradient_by_layer,DD,MatrixResGated,GCNConv,0,B3,sparse,20260507_090029,21,0.09058729013694185,0.3789052665233612,0.00842411071062088
gradient_by_layer,DD,MatrixResGated,GCNConv,0,B3,sparse,20260507_090225,21,0.13324386812746525,0.5904414653778076,0.011343315243721008
gradient_by_layer,DD,MatrixResGated,GCNConv,0,B3,sparse,20260507_090507,21,0.04486104686345373,0.2013603150844574,0.004731751047074795
gradient_by_layer,DD,MatrixResGated,GCNConv,0,B3,sparse,20260507_090601,21,0.02481060650288349,0.09877876192331314,0.0013032220304012299
gradient_by_layer,DD,MatrixResGated,GCNConv,0,B3,sparse,20260507_090946,21,0.15537225623570738,0.7074900269508362,0.005493810400366783
gradient_by_layer,DD,MatrixResGated,GCNConv,0,B3,sparse,20260507_091221,21,0.12719110346266202,0.5638917684555054,0.011390052735805511
gradient_by_layer,DD,MatrixResGated,GCNConv,0,B3,sparse,20260507_091253,21,0.08925888955681807,0.38419845700263977,0.004659326281398535
gradient_by_layer,DD,MatrixResGated,GCNConv,0,B3,sparse,20260507_100929,21,0.12744585801625535,0.5638354420661926,0.011684331111609936
gradient_by_layer,DD,MatrixResGated,GCNConv,0,B4,sparse,20260507_101254,27,0.08654080778015433,0.3950940668582916,0.00675565842539072
gradient_by_layer,DD,MatrixResGated,GCNConv,0,B5,sparse,20260507_101837,33,0.06166525269773873,0.2907409071922302,0.0038882363587617874
gradient_by_layer,DD,MatrixResGated,GCNConv,0,B6,sparse,20260507_102427,39,0.05443405715796428,0.2615897059440613,0.003149010706692934
gradient_by_layer,DD,MatrixResGated,GCNConv,0,B7,sparse,20260507_103151,45,0.12019953895360232,0.6332310438156128,0.00438210554420948
gradient_by_layer,DD,MatrixResGated,GCNConv,0,B8,sparse,20260507_103803,51,0.053843705230118596,0.2967861294746399,0.0023527664598077536
gradient_by_layer,DD,MatrixResGated,GCNConv,1,B1,sparse,20260507_100337,9,0.08319842286356208,0.38618800044059753,0.0008640148444101214
gradient_by_layer,DD,MatrixResGated,GCNConv,1,B2,sparse,20260507_100658,15,0.06086206197505817,0.24303166568279266,0.00023429986322298646
gradient_by_layer,DD,MatrixResGated,GCNConv,1,B3,sparse,20260506_223526,21,0.12024896277719,0.5278282761573792,0.0004473488370422274
gradient_by_layer,DD,MatrixResGated,GCNConv,1,B3,sparse,20260507_101020,21,0.11152940482965537,0.4858112037181854,0.0009559756144881248
gradient_by_layer,DD,MatrixResGated,GCNConv,1,B4,sparse,20260507_101433,27,0.01402763565527965,0.05906188488006592,0.0009338870295323431
gradient_by_layer,DD,MatrixResGated,GCNConv,1,B5,sparse,20260507_101852,33,0.06330642849912471,0.3249192535877228,0.0026111609768122435
gradient_by_layer,DD,MatrixResGated,GCNConv,1,B6,sparse,20260507_102531,39,0.03081216579840447,0.1482008397579193,0.0015394150977954268
gradient_by_layer,DD,MatrixResGated,GCNConv,1,B7,sparse,20260507_103147,45,0.03555384961526013,0.19046759605407715,0.001695112674497068
gradient_by_layer,DD,MatrixResGated,GCNConv,1,B8,sparse,20260507_104116,51,0.05109241882832173,0.27473706007003784,0.002376626245677471
gradient_by_layer,DD,MatrixResGated,GCNConv,2,B1,sparse,20260507_100357,9,0.021402470198356442,0.05319802835583687,0.002301205415278673
gradient_by_layer,DD,MatrixResGated,GCNConv,2,B2,sparse,20260507_100639,15,0.023528666856388252,0.06712819635868073,0.004919216502457857
gradient_by_layer,DD,MatrixResGated,GCNConv,2,B3,sparse,20260506_223451,21,0.025313150381580704,0.09018796682357788,0.00495934346690774
gradient_by_layer,DD,MatrixResGated,GCNConv,2,B3,sparse,20260507_101018,21,0.02492938538835872,0.08843744546175003,0.004915475379675627
gradient_by_layer,DD,MatrixResGated,GCNConv,2,B4,sparse,20260507_101313,27,0.03659965225529892,0.1478910744190216,0.004807312972843647
gradient_by_layer,DD,MatrixResGated,GCNConv,2,B5,sparse,20260507_101726,33,0.02082178045318208,0.08377103507518768,0.003182649612426758
gradient_by_layer,DD,MatrixResGated,GCNConv,2,B6,sparse,20260507_102322,39,0.01091727240679738,0.0530259869992733,0.0010938005289062858
gradient_by_layer,DD,MatrixResGated,GCNConv,2,B7,sparse,20260507_103029,45,0.007941553166084405,0.04418925568461418,0.0006191003485582769
gradient_by_layer,DD,MatrixResGated,GCNConv,2,B8,sparse,20260507_103845,51,0.007601824575377738,0.04162728786468506,0.0008832416497170925
gradient_by_layer,DD,MatrixResGated,GCNConv,3,B1,sparse,20260507_100432,9,0.0656071251982616,0.2821151614189148,0.0020632208324968815
gradient_by_layer,DD,MatrixResGated,GCNConv,3,B2,sparse,20260507_100855,15,0.14472621170183023,0.5714404582977295,0.01567014865577221
gradient_by_layer,DD,MatrixResGated,GCNConv,3,B3,sparse,20260506_223613,21,0.040342095895626005,0.2016289085149765,0.0024497383274137974
gradient_by_layer,DD,MatrixResGated,GCNConv,3,B3,sparse,20260507_101126,21,0.038806858960361706,0.1664210855960846,0.004818785469979048
gradient_by_layer,DD,MatrixResGated,GCNConv,3,B4,sparse,20260507_101523,27,0.02333775661126883,0.1073499247431755,0.0024675698950886726
gradient_by_layer,DD,MatrixResGated,GCNConv,3,B5,sparse,20260507_102049,33,0.09111990308332624,0.4281751215457916,0.005801679566502571
gradient_by_layer,DD,MatrixResGated,GCNConv,3,B6,sparse,20260507_102655,39,0.024134914444099802,0.11444160342216492,3.820993879344314e-05
gradient_by_layer,DD,MatrixResGated,GCNConv,3,B7,sparse,20260507_103513,45,0.015991428706588016,0.0680200606584549,0.0013807835057377815
gradient_by_layer,DD,MatrixResGated,GCNConv,3,B8,sparse,20260507_104254,51,0.018551370312172154,0.09032250195741653,0.0004768023791257292
gradient_by_layer,DD,MatrixResGated,GCNConv,4,B1,sparse,20260507_100438,9,0.04902725336917987,0.20595446228981018,0.0008747606771066785
gradient_by_layer,DD,MatrixResGated,GCNConv,4,B2,sparse,20260507_100745,15,0.03488194774836302,0.1041964441537857,0.01050692331045866
gradient_by_layer,DD,MatrixResGated,GCNConv,4,B3,sparse,20260506_223605,21,0.0159482275956266,0.04964491352438927,0.003090607700869441
gradient_by_layer,DD,MatrixResGated,GCNConv,4,B3,sparse,20260507_101140,21,0.015945559544932274,0.049584079533815384,0.0030715337488800287
gradient_by_layer,DD,MatrixResGated,GCNConv,4,B4,sparse,20260507_101458,27,0.030416349052555032,0.10960592329502106,0.007053621578961611
gradient_by_layer,DD,MatrixResGated,GCNConv,4,B5,sparse,20260507_102044,33,0.017570084426552057,0.08874727040529251,0.0020548803731799126
gradient_by_layer,DD,MatrixResGated,GCNConv,4,B6,sparse,20260507_102716,39,0.020170284199337356,0.09609518945217133,0.0018158095190301538
gradient_by_layer,DD,MatrixResGated,GCNConv,4,B7,sparse,20260507_103440,45,0.02118338829216858,0.07846924662590027,0.0025217330548912287
gradient_by_layer,DD,MatrixResGated,GCNConv,4,B8,sparse,20260507_104131,51,0.015338941452129945,0.06339140236377716,0.0016376698622480035
gradient_by_layer,DD,MatrixRes,GCNConv,0,B1,identity,20260507_091148,9,0.14485356284098494,0.6537330746650696,0.002739221788942814
gradient_by_layer,DD,MatrixRes,GCNConv,0,B2,identity,20260507_091452,15,0.16266680508852005,0.6240617036819458,0.013000322505831718
gradient_by_layer,DD,MatrixRes,GCNConv,0,B3,identity,20260506_220130,21,0.0251252633475122,0.13211171329021454,0.0051284232176840305
gradient_by_layer,DD,MatrixRes,GCNConv,0,B3,identity,20260506_223200,21,0.16624660311000689,0.7514838576316833,0.016902804374694824
gradient_by_layer,DD,MatrixRes,GCNConv,0,B3,identity,20260507_082526,21,0.15572057050164967,0.7089128494262695,0.0024921330623328686
gradient_by_layer,DD,MatrixRes,GCNConv,0,B3,identity,20260507_082557,21,0.08461354220552104,0.3571854531764984,0.0067992182448506355
gradient_by_layer,DD,MatrixRes,GCNConv,0,B3,identity,20260507_082600,21,0.14829139863806112,0.6637501120567322,0.015419583767652512
gradient_by_layer,DD,MatrixRes,GCNConv,0,B3,identity,20260507_083013,21,0.05666035555657886,0.22447684407234192,0.007940446957945824
gradient_by_layer,DD,MatrixRes,GCNConv,0,B3,identity,20260507_083052,21,0.2158262427186682,0.965843915939331,0.01753099076449871
gradient_by_layer,DD,MatrixRes,GCNConv,0,B3,identity,20260507_083113,21,0.08224812429398298,0.3577991724014282,0.008477366529405117
gradient_by_layer,DD,MatrixRes,GCNConv,0,B3,identity,20260507_083510,21,0.04146923084876367,0.19666719436645508,0.0023075477220118046
gradient_by_layer,DD,MatrixRes,GCNConv,0,B3,identity,20260507_083551,21,0.05353531948778601,0.2385338991880417,0.0038808630779385567
gradient_by_layer,DD,MatrixRes,GCNConv,0,B3,identity,20260507_083601,21,0.14899092797367347,0.6552388668060303,0.008271444588899612
gradient_by_layer,DD,MatrixRes,GCNConv,0,B3,identity,20260507_083936,21,0.08791525746207862,0.3865625858306885,0.008923881687223911
gradient_by_layer,DD,MatrixRes,GCNConv,0,B3,identity,20260507_084252,21,0.22005739506511462,1.0331518650054932,0.022745978087186813
gradient_by_layer,DD,MatrixRes,GCNConv,0,B3,identity,20260507_091841,21,0.09352695578265757,0.41622650623321533,0.009488889016211033
gradient_by_layer,DD,MatrixRes,GCNConv,0,B4,identity,20260507_092313,27,0.04760666567556284,0.22176416218280792,0.0037822946906089783
gradient_by_layer,DD,MatrixRes,GCNConv,0,B5,identity,20260507_092952,33,0.14492693103172563,0.6875517964363098,0.008843249641358852
gradient_by_layer,DD,MatrixRes,GCNConv,0,B6,identity,20260507_093718,39,0.06613620137795806,0.29934296011924744,0.004543351475149393
gradient_by_layer,DD,MatrixRes,GCNConv,0,B7,identity,20260507_094819,45,0.16395007694760957,0.7849838137626648,0.007118972949683666
gradient_by_layer,DD,MatrixRes,GCNConv,0,B8,identity,20260507_095714,51,0.06052295648145909,0.2913796305656433,0.0024741527158766985
gradient_by_layer,DD,MatrixRes,GCNConv,1,B1,identity,20260507_091301,9,0.05533396372468107,0.24295319616794586,0.0011826588306576014
gradient_by_layer,DD,MatrixRes,GCNConv,1,B2,identity,20260507_091548,15,0.04968715518092116,0.1961953490972519,0.005770330782979727
gradient_by_layer,DD,MatrixRes,GCNConv,1,B3,identity,20260506_223212,21,0.09671547144119229,0.47936034202575684,0.005613135639578104
gradient_by_layer,DD,MatrixRes,GCNConv,1,B3,identity,20260507_091915,21,0.10802456661171857,0.525126576423645,0.0032485248520970345
gradient_by_layer,DD,MatrixRes,GCNConv,1,B4,identity,20260507_092428,27,0.018191522210583098,0.08187960833311081,5.731263445341028e-05
gradient_by_layer,DD,MatrixRes,GCNConv,1,B5,identity,20260507_093055,33,0.03267986493566158,0.14561377465724945,0.0019113306188955903
gradient_by_layer,DD,MatrixRes,GCNConv,1,B6,identity,20260507_094006,39,0.07414672830595802,0.3468996286392212,0.003860184922814369
gradient_by_layer,DD,MatrixRes,GCNConv,1,B7,identity,20260507_094832,45,0.07121693485209511,0.32140904664993286,0.0015543980989605188
gradient_by_layer,DD,MatrixRes,GCNConv,1,B8,identity,20260507_100055,51,0.055303231930570206,0.30499255657196045,0.0002490409533493221
gradient_by_layer,DD,MatrixRes,GCNConv,2,B1,identity,20260507_091053,9,0.023899661221851904,0.0745394229888916,0.003270647954195738
gradient_by_layer,DD,MatrixRes,GCNConv,2,B2,identity,20260507_091502,15,0.04520021223773559,0.1450681984424591,0.010227886959910393
gradient_by_layer,DD,MatrixRes,GCNConv,2,B3,identity,20260506_223136,21,0.06080319027283362,0.2191149741411209,0.0050289686769247055
gradient_by_layer,DD,MatrixRes,GCNConv,2,B3,identity,20260507_091813,21,0.06099359263178138,0.21976825594902039,0.004986271727830172
gradient_by_layer,DD,MatrixRes,GCNConv,2,B4,identity,20260507_092315,27,0.018885512568953412,0.09696463495492935,0.0033848711755126715
gradient_by_layer,DD,MatrixRes,GCNConv,2,B5,identity,20260507_092933,33,0.014643485298041593,0.07384072989225388,0.0023357097525149584
gradient_by_layer,DD,MatrixRes,GCNConv,2,B6,identity,20260507_093751,39,0.007286158312732975,0.057743463665246964,0.0010787543142214417
gradient_by_layer,DD,MatrixRes,GCNConv,2,B7,identity,20260507_094737,45,0.007542712839009861,0.06346254795789719,0.0010222269920632243
gradient_by_layer,DD,MatrixRes,GCNConv,2,B8,identity,20260507_095909,51,0.01860299995442962,0.15487299859523773,0.002435858128592372
gradient_by_layer,DD,MatrixRes,GCNConv,3,B1,identity,20260507_091349,9,0.06196576858767205,0.25436392426490784,0.004199105780571699
gradient_by_layer,DD,MatrixRes,GCNConv,3,B2,identity,20260507_091630,15,0.1054390245427688,0.4163794219493866,0.010372444987297058
gradient_by_layer,DD,MatrixRes,GCNConv,3,B3,identity,20260506_223325,21,0.11323560756586847,0.561208963394165,0.00980332400649786
gradient_by_layer,DD,MatrixRes,GCNConv,3,B3,identity,20260507_092104,21,0.11122320259788207,0.5508047938346863,0.00954798236489296
gradient_by_layer,DD,MatrixRes,GCNConv,3,B4,identity,20260507_092640,27,0.0952882174126528,0.4634818434715271,0.007935455068945885
gradient_by_layer,DD,MatrixRes,GCNConv,3,B5,identity,20260507_093417,33,0.026988008758053184,0.11963015049695969,0.0020447031129151583
gradient_by_layer,DD,MatrixRes,GCNConv,3,B6,identity,20260507_094314,39,0.04788185495477265,0.2166372537612915,0.0026353904977440834
gradient_by_layer,DD,MatrixRes,GCNConv,3,B7,identity,20260507_095424,45,0.016017510493596395,0.07450929284095764,0.001633370527997613
gradient_by_layer,DD,MatrixRes,GCNConv,3,B8,identity,20260507_100524,51,0.04139386058794152,0.20368775725364685,0.0016329280333593488
gradient_by_layer,DD,MatrixRes,GCNConv,4,B1,identity,20260507_091317,9,0.06699675833806396,0.24855370819568634,0.0028276308439671993
gradient_by_layer,DD,MatrixRes,GCNConv,4,B2,identity,20260507_091618,15,0.03475977731868625,0.1155054122209549,0.007341478485614061
gradient_by_layer,DD,MatrixRes,GCNConv,4,B3,identity,20260506_223318,21,0.06787552294277009,0.2506884038448334,0.002102307975292206
gradient_by_layer,DD,MatrixRes,GCNConv,4,B3,identity,20260507_092016,21,0.06782737287825771,0.2506014108657837,0.002109245862811804
gradient_by_layer,DD,MatrixRes,GCNConv,4,B4,identity,20260507_092533,27,0.016960865886950935,0.09857544302940369,0.0028979864437133074
gradient_by_layer,DD,MatrixRes,GCNConv,4,B5,identity,20260507_093247,33,0.015669812906928586,0.07184308767318726,0.002914333948865533
gradient_by_layer,DD,MatrixRes,GCNConv,4,B6,identity,20260507_094131,39,0.015526498518645382,0.0693092867732048,0.002012206707149744
gradient_by_layer,DD,MatrixRes,GCNConv,4,B7,identity,20260507_095212,45,0.021306584092477956,0.1405460685491562,0.0034094599541276693
gradient_by_layer,DD,MatrixRes,GCNConv,4,B8,identity,20260507_100319,51,0.009270077904540241,0.05966886878013611,0.001261542085558176
gradient_by_layer,DD,Plain,GCNConv,0,B3,identity,20260506_220121,20,0.005888484051683918,0.029424769803881645,0.00142863008659333
gradient_by_layer,DD,Plain,GCNConv,0,B3,identity,20260506_222425,20,0.10906348177231848,0.5068482160568237,0.009823830798268318
gradient_by_layer,DD,Plain,GCNConv,1,B3,identity,20260506_222440,20,0.016713610745500772,0.07951583713293076,0.0021021931897848845
gradient_by_layer,DD,Plain,GCNConv,2,B3,identity,20260506_222348,20,0.012014407245442272,0.03812737762928009,0.002545452443882823
gradient_by_layer,DD,Plain,GCNConv,3,B3,identity,20260506_222519,20,0.02556841015466489,0.09707538038492203,0.0019245668081566691
gradient_by_layer,DD,Plain,GCNConv,4,B3,identity,20260506_222520,20,0.009175285021774471,0.03520641103386879,0.0026232965756207705
gradient_by_layer,DD,VerticalRes,GCNConv,0,B3,identity,20260506_220142,21,0.0198415238188491,0.08217643201351166,0.0053930263966321945
gradient_by_layer,DD,VerticalRes,GCNConv,0,B3,identity,20260506_222633,21,0.05757760072481774,0.27285683155059814,0.002568639349192381
gradient_by_layer,DD,VerticalRes,GCNConv,1,B3,identity,20260506_222706,21,0.04842310299586859,0.21660850942134857,0.0018929472425952554
gradient_by_layer,DD,VerticalRes,GCNConv,2,B3,identity,20260506_222614,21,0.020112784912011454,0.10904382914304733,0.003309744643047452
gradient_by_layer,DD,VerticalRes,GCNConv,3,B3,identity,20260506_222800,21,0.029404444010218696,0.10697878152132034,0.001325052697211504
gradient_by_layer,DD,VerticalRes,GCNConv,4,B3,identity,20260506_222734,21,0.008573694071466369,0.046070992946624756,0.0013272619107738137
gradient_by_layer,ENZYMES,HorizontalRes,GCNConv,0,B3,identity,20260506_220151,27,0.007791366195306182,0.022531481459736824,0.0013450609985738993
gradient_by_layer,ENZYMES,HorizontalRes,GCNConv,0,B3,identity,20260506_223728,27,0.007791366385020039,0.022531479597091675,0.0013450609985738993
gradient_by_layer,ENZYMES,HorizontalRes,GCNConv,1,B3,identity,20260506_223737,27,0.044970553126876,0.17109765112400055,0.00990392081439495
gradient_by_layer,ENZYMES,HorizontalRes,GCNConv,2,B3,identity,20260506_223811,27,0.0773371606030398,0.257642537355423,0.010161928832530975
gradient_by_layer,ENZYMES,HorizontalRes,GCNConv,3,B3,identity,20260506_223816,27,0.10242611704463209,0.47344380617141724,0.011009187437593937
gradient_by_layer,ENZYMES,HorizontalRes,GCNConv,4,B3,identity,20260506_223800,27,0.054688601892579486,0.17731617391109467,0.011217803694307804
gradient_by_layer,ENZYMES,MatrixResGated,GCNConv,0,B3,sparse,20260506_220157,27,0.2205341843267282,1.7739760875701904,0.03661574795842171
gradient_by_layer,ENZYMES,MatrixResGated,GCNConv,0,B3,sparse,20260506_224002,27,0.040767648360795446,0.232750803232193,0.00789708737283945
gradient_by_layer,ENZYMES,MatrixResGated,GCNConv,1,B3,sparse,20260506_224037,27,0.08231521280551399,0.2523129880428314,0.008307102136313915
gradient_by_layer,ENZYMES,MatrixResGated,GCNConv,2,B3,sparse,20260506_224110,27,0.046808142887635365,0.1393381953239441,0.005856419913470745
gradient_by_layer,ENZYMES,MatrixResGated,GCNConv,3,B3,sparse,20260506_224126,27,0.15039976417190498,1.0945936441421509,0.006154520902782679
gradient_by_layer,ENZYMES,MatrixResGated,GCNConv,4,B3,sparse,20260506_224123,27,0.08157027354119001,0.28068551421165466,0.007169901393353939
gradient_by_layer,ENZYMES,MatrixRes,GCNConv,0,B3,identity,20260506_220155,27,0.6694003680238018,6.865006923675537,0.07224922627210617
gradient_by_layer,ENZYMES,MatrixRes,GCNConv,0,B3,identity,20260506_223827,27,0.07274885670092233,0.642763078212738,0.0003244926920160651
gradient_by_layer,ENZYMES,MatrixRes,GCNConv,1,B3,identity,20260506_223930,27,0.09413886053004751,0.3286358714103699,0.01026685256510973
gradient_by_layer,ENZYMES,MatrixRes,GCNConv,2,B3,identity,20260506_223933,27,0.042952365811086364,0.16350461542606354,0.005129610653966665
gradient_by_layer,ENZYMES,MatrixRes,GCNConv,3,B3,identity,20260506_223939,27,0.12096002266776783,0.9076246023178101,0.005677457433193922
gradient_by_layer,ENZYMES,MatrixRes,GCNConv,4,B3,identity,20260506_224018,27,0.0887230287168037,0.3034689724445343,0.005892809480428696
gradient_by_layer,ENZYMES,Plain,GCNConv,0,B3,identity,20260506_220147,26,0.003617829513342048,0.028079085052013397,0.0010235392255708575
gradient_by_layer,ENZYMES,Plain,GCNConv,0,B3,identity,20260506_223546,26,0.0033911909782685912,0.01609434001147747,0.0010652561904862523
gradient_by_layer,ENZYMES,Plain,GCNConv,1,B3,identity,20260506_223611,26,0.028350760569222845,0.1311063915491104,0.006094785872846842
gradient_by_layer,ENZYMES,Plain,GCNConv,2,B3,identity,20260506_223636,26,0.024240326781112414,0.07794488966464996,0.006133028771728277
gradient_by_layer,ENZYMES,Plain,GCNConv,3,B3,identity,20260506_223642,26,0.043261767365038395,0.21406668424606323,0.0036218813620507717
gradient_by_layer,ENZYMES,Plain,GCNConv,4,B3,identity,20260506_223630,26,0.04778064540229165,0.13134197890758514,0.009001285769045353
gradient_by_layer,ENZYMES,VerticalRes,GCNConv,0,B3,identity,20260506_220153,27,0.006303365143981797,0.031014686450362206,0.0004545627161860466
gradient_by_layer,ENZYMES,VerticalRes,GCNConv,0,B3,identity,20260506_223644,27,0.006303365118111725,0.031014684587717056,0.00045456294901669025
gradient_by_layer,ENZYMES,VerticalRes,GCNConv,1,B3,identity,20260506_223655,27,0.0306954776212849,0.1537070870399475,0.006340362597256899
gradient_by_layer,ENZYMES,VerticalRes,GCNConv,2,B3,identity,20260506_223713,27,0.020237915666291007,0.06633693724870682,0.005364651326090097
gradient_by_layer,ENZYMES,VerticalRes,GCNConv,3,B3,identity,20260506_223725,27,0.04538693133293203,0.2942812740802765,0.0037792182993143797
gradient_by_layer,ENZYMES,VerticalRes,GCNConv,4,B3,identity,20260506_223716,27,0.032975777673224606,0.12187285721302032,0.004866167437285185
gradient_by_layer,PROTEINS,HorizontalRes,GCNConv,0,B1,identity,20260507_075815,10,0.04240154805593192,0.11889608204364777,0.001962889451533556
gradient_by_layer,PROTEINS,HorizontalRes,GCNConv,0,B2,identity,20260507_075937,19,0.030785704301180022,0.060466375201940536,0.0074705868028104305
gradient_by_layer,PROTEINS,HorizontalRes,GCNConv,0,B3,identity,20260506_220101,27,0.009462454761550934,0.03400420770049095,0.002022345783188939
gradient_by_layer,PROTEINS,HorizontalRes,GCNConv,0,B3,identity,20260506_221921,27,0.04546308106984253,0.1084948256611824,0.010235486552119255
gradient_by_layer,PROTEINS,HorizontalRes,GCNConv,0,B3,identity,20260507_080101,27,0.05322796002858215,0.11713308840990067,0.012190372683107853
gradient_by_layer,PROTEINS,HorizontalRes,GCNConv,0,B4,identity,20260507_080459,35,0.0240352997955467,0.06743039190769196,0.0019948692061007023
gradient_by_layer,PROTEINS,HorizontalRes,GCNConv,0,B5,identity,20260507_080928,43,0.02263767820739642,0.07005984336137772,0.003248566994443536
gradient_by_layer,PROTEINS,HorizontalRes,GCNConv,0,B6,identity,20260507_081527,51,0.030037267558167085,0.07577326893806458,0.0026089593302458525
gradient_by_layer,PROTEINS,HorizontalRes,GCNConv,0,B7,identity,20260507_082054,59,0.01353791689350254,0.059630244970321655,0.0012459165882319212
gradient_by_layer,PROTEINS,HorizontalRes,GCNConv,0,B8,identity,20260507_082958,67,0.010623688809465053,0.0646892860531807,0.00010795173147926107
gradient_by_layer,PROTEINS,HorizontalRes,GCNConv,1,B1,identity,20260507_075823,10,0.023678640322759747,0.08525881916284561,0.006345734465867281
gradient_by_layer,PROTEINS,HorizontalRes,GCNConv,1,B2,identity,20260507_075956,19,0.02519376865146976,0.06213357299566269,0.006219414062798023
gradient_by_layer,PROTEINS,HorizontalRes,GCNConv,1,B3,identity,20260506_221942,27,0.01818573173066532,0.04328318312764168,0.004825418349355459
gradient_by_layer,PROTEINS,HorizontalRes,GCNConv,1,B3,identity,20260507_080159,27,0.014045459959931948,0.03572190925478935,0.0043273260816931725
gradient_by_layer,PROTEINS,HorizontalRes,GCNConv,1,B4,identity,20260507_080521,35,0.019403171931792584,0.04349137842655182,0.0037409921642392874
gradient_by_layer,PROTEINS,HorizontalRes,GCNConv,1,B5,identity,20260507_080959,43,0.012463306959415244,0.03482525050640106,0.002488628728315234
gradient_by_layer,PROTEINS,HorizontalRes,GCNConv,1,B6,identity,20260507_081602,51,0.00924287477562971,0.02817867323756218,0.000949013396166265
gradient_by_layer,PROTEINS,HorizontalRes,GCNConv,1,B7,identity,20260507_082355,59,0.008538051029880358,0.038061123341321945,0.0008874128689058125
gradient_by_layer,PROTEINS,HorizontalRes,GCNConv,1,B8,identity,20260507_083026,67,0.010537319208509218,0.037140678614377975,0.0004356158897280693
gradient_by_layer,PROTEINS,HorizontalRes,GCNConv,2,B1,identity,20260507_075823,10,0.019731730874627828,0.036721520125865936,0.008399320766329765
gradient_by_layer,PROTEINS,HorizontalRes,GCNConv,2,B2,identity,20260507_075925,19,0.029705624218638007,0.08010174334049225,0.005341953597962856
gradient_by_layer,PROTEINS,HorizontalRes,GCNConv,2,B3,identity,20260506_221939,27,0.012253451863890168,0.02749803476035595,0.0007986318087205291
gradient_by_layer,PROTEINS,HorizontalRes,GCNConv,2,B3,identity,20260507_080133,27,0.011691182623272416,0.02880781516432762,0.0010036892490461469
gradient_by_layer,PROTEINS,HorizontalRes,GCNConv,2,B4,identity,20260507_080434,35,0.011278424651495048,0.028458571061491966,0.002926173619925976
gradient_by_layer,PROTEINS,HorizontalRes,GCNConv,2,B5,identity,20260507_080908,43,0.008145547639795168,0.06730726361274719,0.0020490519236773252
gradient_by_layer,PROTEINS,HorizontalRes,GCNConv,2,B6,identity,20260507_081438,51,0.007817857502731403,0.028756482526659966,0.0005955697852186859
gradient_by_layer,PROTEINS,HorizontalRes,GCNConv,2,B7,identity,20260507_082132,59,0.007197100708608405,0.04201727733016014,0.00021085311891511083
gradient_by_layer,PROTEINS,HorizontalRes,GCNConv,2,B8,identity,20260507_082750,67,0.00659568537697335,0.028101062402129173,0.0007741320296190679
gradient_by_layer,PROTEINS,HorizontalRes,GCNConv,3,B1,identity,20260507_075842,10,0.049607768468558786,0.11062683165073395,0.012885505333542824
gradient_by_layer,PROTEINS,HorizontalRes,GCNConv,3,B2,identity,20260507_080005,19,0.04851105122974044,0.10683480650186539,0.0029222602024674416
gradient_by_layer,PROTEINS,HorizontalRes,GCNConv,3,B3,identity,20260506_221946,27,0.030719337510634905,0.06856223195791245,0.0038204423617571592
gradient_by_layer,PROTEINS,HorizontalRes,GCNConv,3,B3,identity,20260507_080205,27,0.030518331720183294,0.06657019257545471,0.004036336205899715
gradient_by_layer,PROTEINS,HorizontalRes,GCNConv,3,B4,identity,20260507_080632,35,0.01572996568866074,0.03536504507064819,0.0020752556156367064
gradient_by_layer,PROTEINS,HorizontalRes,GCNConv,3,B5,identity,20260507_081128,43,0.019791131545072095,0.05024867132306099,0.00021442693832796067
gradient_by_layer,PROTEINS,HorizontalRes,GCNConv,3,B6,identity,20260507_081811,51,0.014957822713197446,0.04140728712081909,0.0023962496779859066
gradient_by_layer,PROTEINS,HorizontalRes,GCNConv,3,B7,identity,20260507_082431,59,0.019352879785632684,0.06255755573511124,0.002178352791815996
gradient_by_layer,PROTEINS,HorizontalRes,GCNConv,3,B8,identity,20260507_083143,67,0.020893197023629476,0.06603462994098663,0.0012933402322232723
gradient_by_layer,PROTEINS,HorizontalRes,GCNConv,4,B1,identity,20260507_075844,10,0.04524170383810997,0.07030975073575974,0.0221234317868948
gradient_by_layer,PROTEINS,HorizontalRes,GCNConv,4,B2,identity,20260507_080009,19,0.020166613798784584,0.08242128044366837,0.004369902890175581
gradient_by_layer,PROTEINS,HorizontalRes,GCNConv,4,B3,identity,20260506_222002,27,0.010184024016510832,0.04955027252435684,0.0017111293273046613
gradient_by_layer,PROTEINS,HorizontalRes,GCNConv,4,B3,identity,20260507_080231,27,0.012812366424542334,0.057730600237846375,0.002629231894388795
gradient_by_layer,PROTEINS,HorizontalRes,GCNConv,4,B4,identity,20260507_080621,35,0.007920287659258715,0.015546058304607868,0.0015994553687050939
gradient_by_layer,PROTEINS,HorizontalRes,GCNConv,4,B5,identity,20260507_081113,43,0.010119728530150687,0.05940190702676773,0.001725447247736156
gradient_by_layer,PROTEINS,HorizontalRes,GCNConv,4,B6,identity,20260507_081740,51,0.011798915161075545,0.07820060849189758,0.0020705328788608313
gradient_by_layer,PROTEINS,HorizontalRes,GCNConv,4,B7,identity,20260507_082332,59,0.005238779080573911,0.02844344824552536,0.001759073231369257
gradient_by_layer,PROTEINS,HorizontalRes,GCNConv,4,B8,identity,20260507_083156,67,0.01601777169436439,0.12710529565811157,0.004298649728298187
gradient_by_layer,PROTEINS,MatrixResGated,GCNConv,0,B1,sparse,20260507_091732,11,0.08075063781474125,0.23954182863235474,0.00449191452935338
gradient_by_layer,PROTEINS,MatrixResGated,GCNConv,0,B2,sparse,20260507_092148,19,0.04297478202926485,0.11377089470624924,0.0036239088512957096
gradient_by_layer,PROTEINS,MatrixResGated,GCNConv,0,B3,sparse,20260506_220105,27,0.08467534212050615,0.7344682812690735,0.013252458535134792
gradient_by_layer,PROTEINS,MatrixResGated,GCNConv,0,B3,sparse,20260506_222218,27,0.044639572871986916,0.17931333184242249,0.0014622998423874378
gradient_by_layer,PROTEINS,MatrixResGated,GCNConv,0,B3,sparse,20260507_080508,27,0.03900802818006249,0.16558240354061127,0.0011513925855979323
gradient_by_layer,PROTEINS,MatrixResGated,GCNConv,0,B3,sparse,20260507_080732,27,0.04922489542514086,0.21086688339710236,0.001609543338418007
gradient_by_layer,PROTEINS,MatrixResGated,GCNConv,0,B3,sparse,20260507_080735,27,0.02612016383230824,0.09375712275505066,0.001640019821934402
gradient_by_layer,PROTEINS,MatrixResGated,GCNConv,0,B3,sparse,20260507_080741,27,0.033170557132473695,0.11337830126285553,0.0029276791028678417
gradient_by_layer,PROTEINS,MatrixResGated,GCNConv,0,B3,sparse,20260507_081000,27,0.04027361163214125,0.15646493434906006,0.003449511481449008
gradient_by_layer,PROTEINS,MatrixResGated,GCNConv,0,B3,sparse,20260507_081007,27,0.03767215059552756,0.15935535728931427,0.0019181384705007076
gradient_by_layer,PROTEINS,MatrixResGated,GCNConv,0,B3,sparse,20260507_081014,27,0.03600334895222827,0.13420718908309937,0.004312362987548113
gradient_by_layer,PROTEINS,MatrixResGated,GCNConv,0,B3,sparse,20260507_081237,27,0.020159530108449637,0.0762823149561882,0.002002568682655692
gradient_by_layer,PROTEINS,MatrixResGated,GCNConv,0,B3,sparse,20260507_081244,27,0.03991165833064803,0.14391669631004333,0.0008583562448620796
gradient_by_layer,PROTEINS,MatrixResGated,GCNConv,0,B3,sparse,20260507_081253,27,0.03648775243803997,0.1492631584405899,0.0012469239300116897
gradient_by_layer,PROTEINS,MatrixResGated,GCNConv,0,B3,sparse,20260507_081510,27,0.031198583802001342,0.1024957224726677,0.0034458469599485397
gradient_by_layer,PROTEINS,MatrixResGated,GCNConv,0,B3,sparse,20260507_081524,27,0.05116285135348638,0.32652047276496887,0.00625909399241209
gradient_by_layer,PROTEINS,MatrixResGated,GCNConv,0,B3,sparse,20260507_081533,27,0.04518018795729235,0.2108287662267685,0.0022775009274482727
gradient_by_layer,PROTEINS,MatrixResGated,GCNConv,0,B3,sparse,20260507_081752,27,0.049136702790511425,0.21283474564552307,0.002288690535351634
gradient_by_layer,PROTEINS,MatrixResGated,GCNConv,0,B3,sparse,20260507_081805,27,0.06012806981043131,0.20602238178253174,0.002248201984912157
gradient_by_layer,PROTEINS,MatrixResGated,GCNConv,0,B3,sparse,20260507_081814,27,0.02674173406773695,0.08617506921291351,0.005906499922275543
gradient_by_layer,PROTEINS,MatrixResGated,GCNConv,0,B3,sparse,20260507_082035,27,0.04230120574572572,0.11914394050836563,0.007517455145716667
gradient_by_layer,PROTEINS,MatrixResGated,GCNConv,0,B3,sparse,20260507_082048,27,0.05035406293312984,0.21767443418502808,0.0025013654958456755
gradient_by_layer,PROTEINS,MatrixResGated,GCNConv,0,B3,sparse,20260507_082057,27,0.059752104245557415,0.27305105328559875,0.00024966924684122205
gradient_by_layer,PROTEINS,MatrixResGated,GCNConv,0,B3,sparse,20260507_092516,27,0.04286810952126635,0.18075671792030334,0.0007443283102475107
gradient_by_layer,PROTEINS,MatrixResGated,GCNConv,0,B4,sparse,20260507_092906,35,0.029029942762904933,0.12767380475997925,0.0024391121696680784
gradient_by_layer,PROTEINS,MatrixResGated,GCNConv,0,B5,sparse,20260507_093625,43,0.035589198403190386,0.18197056651115417,0.0019213876221328974
gradient_by_layer,PROTEINS,MatrixResGated,GCNConv,0,B6,sparse,20260507_094310,51,0.0354943816029631,0.21222691237926483,0.0020988425239920616
gradient_by_layer,PROTEINS,MatrixResGated,GCNConv,0,B7,sparse,20260507_095516,59,0.02689327606220998,0.1779700070619583,0.0007534414762631059
gradient_by_layer,PROTEINS,MatrixResGated,GCNConv,0,B8,sparse,20260507_100244,67,0.024655819696777347,0.2186330109834671,0.0015385074075311422
gradient_by_layer,PROTEINS,MatrixResGated,GCNConv,1,B1,sparse,20260507_091839,11,0.02874947686425664,0.07825776189565659,0.004104273393750191
gradient_by_layer,PROTEINS,MatrixResGated,GCNConv,1,B2,sparse,20260507_092143,19,0.03740833510987853,0.10362273454666138,0.0067320517264306545
gradient_by_layer,PROTEINS,MatrixResGated,GCNConv,1,B3,sparse,20260506_222231,27,0.03193093061930052,0.12951670587062836,0.0029648453928530216
gradient_by_layer,PROTEINS,MatrixResGated,GCNConv,1,B3,sparse,20260507_092610,27,0.03026700040047419,0.1272343546152115,0.00017031804600264877
gradient_by_layer,PROTEINS,MatrixResGated,GCNConv,1,B4,sparse,20260507_092943,35,0.024007187384579864,0.12049905955791473,0.002909356029704213
gradient_by_layer,PROTEINS,MatrixResGated,GCNConv,1,B5,sparse,20260507_093636,43,0.018610004852742477,0.12431725859642029,0.00124370155390352
gradient_by_layer,PROTEINS,MatrixResGated,GCNConv,1,B6,sparse,20260507_094557,51,0.019431667016618245,0.13209016621112823,0.0010750633664429188
gradient_by_layer,PROTEINS,MatrixResGated,GCNConv,1,B7,sparse,20260507_095442,59,0.015195969872026689,0.1422845721244812,0.0009360337280668318
gradient_by_layer,PROTEINS,MatrixResGated,GCNConv,1,B8,sparse,20260507_100451,67,0.013072763764257752,0.1179378405213356,0.0009033085079863667
gradient_by_layer,PROTEINS,MatrixResGated,GCNConv,2,B1,sparse,20260507_091922,11,0.020479374840347606,0.04181908443570137,0.0007279536221176386
gradient_by_layer,PROTEINS,MatrixResGated,GCNConv,2,B2,sparse,20260507_092158,19,0.03592166177144176,0.09140299260616302,0.008392884396016598
gradient_by_layer,PROTEINS,MatrixResGated,GCNConv,2,B3,sparse,20260506_222245,27,0.038596217417054705,0.1408187597990036,0.004230621736496687
gradient_by_layer,PROTEINS,MatrixResGated,GCNConv,2,B3,sparse,20260507_092611,27,0.03706033896930792,0.13109035789966583,0.003951952327042818
gradient_by_layer,PROTEINS,MatrixResGated,GCNConv,2,B4,sparse,20260507_093053,35,0.02506185030963804,0.12210255116224289,0.0026505945716053247
gradient_by_layer,PROTEINS,MatrixResGated,GCNConv,2,B5,sparse,20260507_093532,43,0.027695878652509217,0.15796302258968353,0.0023170295171439648
gradient_by_layer,PROTEINS,MatrixResGated,GCNConv,2,B6,sparse,20260507_094601,51,0.022524853259799818,0.13318315148353577,0.002138488693162799
gradient_by_layer,PROTEINS,MatrixResGated,GCNConv,2,B7,sparse,20260507_095434,59,0.01471351252047945,0.10623691976070404,0.0012193898437544703
gradient_by_layer,PROTEINS,MatrixResGated,GCNConv,2,B8,sparse,20260507_100705,67,0.009176595232088063,0.08220205456018448,0.0010155403288081288
gradient_by_layer,PROTEINS,MatrixResGated,GCNConv,3,B1,sparse,20260507_092001,11,0.05350954860279506,0.1493304818868637,0.00480297626927495
gradient_by_layer,PROTEINS,MatrixResGated,GCNConv,3,B2,sparse,20260507_092323,19,0.05230669701766027,0.13215646147727966,0.003261815756559372
gradient_by_layer,PROTEINS,MatrixResGated,GCNConv,3,B3,sparse,20260506_222301,27,0.0339928413051422,0.1517200469970703,0.0038874209858477116
gradient_by_layer,PROTEINS,MatrixResGated,GCNConv,3,B3,sparse,20260507_092711,27,0.03325425296228517,0.14690232276916504,0.0038196018431335688
gradient_by_layer,PROTEINS,MatrixResGated,GCNConv,3,B4,sparse,20260507_093152,35,0.058084642448063405,0.30302441120147705,0.005074667278677225
gradient_by_layer,PROTEINS,MatrixResGated,GCNConv,3,B5,sparse,20260507_094027,43,0.028891561260490223,0.13850809633731842,0.0022978659253567457
gradient_by_layer,PROTEINS,MatrixResGated,GCNConv,3,B6,sparse,20260507_094828,51,0.06144857820233002,0.4399954378604889,0.004529052414000034
gradient_by_layer,PROTEINS,MatrixResGated,GCNConv,3,B7,sparse,20260507_100112,59,0.030175014967256684,0.23726895451545715,0.002265679882839322
gradient_by_layer,PROTEINS,MatrixResGated,GCNConv,3,B8,sparse,20260507_100847,67,0.024767844830014145,0.18630893528461456,0.0015668573323637247
gradient_by_layer,PROTEINS,MatrixResGated,GCNConv,4,B1,sparse,20260507_091950,11,0.021412019490857016,0.04999573156237602,0.0019958047196269035
gradient_by_layer,PROTEINS,MatrixResGated,GCNConv,4,B2,sparse,20260507_092250,19,0.051081403486406135,0.19708041846752167,0.00028496579034253955
gradient_by_layer,PROTEINS,MatrixResGated,GCNConv,4,B3,sparse,20260506_222306,27,0.014185551834223722,0.08637869358062744,0.00133383774664253
gradient_by_layer,PROTEINS,MatrixResGated,GCNConv,4,B3,sparse,20260507_092751,27,0.014444463118841802,0.08870799094438553,0.0013451570412144065
gradient_by_layer,PROTEINS,MatrixResGated,GCNConv,4,B4,sparse,20260507_093147,35,0.028863246299858605,0.21006366610527039,0.002872798126190901
gradient_by_layer,PROTEINS,MatrixResGated,GCNConv,4,B5,sparse,20260507_093905,43,0.007577884712169857,0.0524204783141613,0.0006871033110655844
gradient_by_layer,PROTEINS,MatrixResGated,GCNConv,4,B6,sparse,20260507_094911,51,0.022547191867203106,0.233114555478096,0.001231582136824727
gradient_by_layer,PROTEINS,MatrixResGated,GCNConv,4,B7,sparse,20260507_095833,59,0.016179180363690385,0.14609667658805847,0.0006738489610143006
gradient_by_layer,PROTEINS,MatrixResGated,GCNConv,4,B8,sparse,20260507_100813,67,0.034694426804224944,0.6379221081733704,0.002511987928301096
gradient_by_layer,PROTEINS,MatrixRes,GCNConv,0,B1,identity,20260507_083105,11,0.08974932396615093,0.2609966993331909,0.009221459738910198
gradient_by_layer,PROTEINS,MatrixRes,GCNConv,0,B2,identity,20260507_083422,19,0.048505774503083604,0.1395605206489563,0.0047916751354932785
gradient_by_layer,PROTEINS,MatrixRes,GCNConv,0,B3,identity,20260506_220101,27,0.35857626561213424,4.430778503417969,0.011333819478750229
gradient_by_layer,PROTEINS,MatrixRes,GCNConv,0,B3,identity,20260506_222106,27,0.032099539327814626,0.1529303789138794,0.0020089861936867237
gradient_by_layer,PROTEINS,MatrixRes,GCNConv,0,B3,identity,20260507_075923,27,0.04862759367743921,0.2300868183374405,0.0006572958664037287
gradient_by_layer,PROTEINS,MatrixRes,GCNConv,0,B3,identity,20260507_075924,27,0.0493261786867623,0.35496851801872253,0.005301952827721834
gradient_by_layer,PROTEINS,MatrixRes,GCNConv,0,B3,identity,20260507_080102,27,0.03887923312787381,0.21367615461349487,0.001405607908964157
gradient_by_layer,PROTEINS,MatrixRes,GCNConv,0,B3,identity,20260507_080247,27,0.027352065930177492,0.11109346896409988,0.0012915389379486442
gradient_by_layer,PROTEINS,MatrixRes,GCNConv,0,B3,identity,20260507_080250,27,0.028708814367375993,0.13350647687911987,0.0019953707233071327
gradient_by_layer,PROTEINS,MatrixRes,GCNConv,0,B3,identity,20260507_080253,27,0.02218171672171189,0.10165270417928696,0.0016976904589682817
gradient_by_layer,PROTEINS,MatrixRes,GCNConv,0,B3,identity,20260507_080503,27,0.03440494164910719,0.17674970626831055,0.0016937132459133863
gradient_by_layer,PROTEINS,MatrixRes,GCNConv,0,B3,identity,20260507_080515,27,0.04517107949100642,0.19718338549137115,0.00039834569906815886
gradient_by_layer,PROTEINS,MatrixRes,GCNConv,0,B3,identity,20260507_083719,27,0.02914420723984087,0.13575544953346252,0.0020000236108899117
gradient_by_layer,PROTEINS,MatrixRes,GCNConv,0,B4,identity,20260507_084432,35,0.03375454189788018,0.1786007434129715,0.002582494867965579
gradient_by_layer,PROTEINS,MatrixRes,GCNConv,0,B5,identity,20260507_084950,43,0.032227218040091876,0.27781394124031067,0.001683016074821353
gradient_by_layer,PROTEINS,MatrixRes,GCNConv,0,B6,identity,20260507_085951,51,0.02247576373880364,0.16936762630939484,0.0006597641622647643
gradient_by_layer,PROTEINS,MatrixRes,GCNConv,0,B7,identity,20260507_090742,59,0.01888059997946908,0.2004939764738083,0.0006110920803621411
gradient_by_layer,PROTEINS,MatrixRes,GCNConv,0,B8,identity,20260507_091235,67,0.02479397118658022,0.2598802447319031,0.0009617794421501458
gradient_by_layer,PROTEINS,MatrixRes,GCNConv,1,B1,identity,20260507_083150,11,0.02805380489338528,0.06966332346200943,0.0007822532206773758
gradient_by_layer,PROTEINS,MatrixRes,GCNConv,1,B2,identity,20260507_083416,19,0.03568975857802128,0.12463170289993286,0.005013084039092064
gradient_by_layer,PROTEINS,MatrixRes,GCNConv,1,B3,identity,20260506_214212,15,0.021169909182935952,0.11394167691469193,0.0026376997120678425
gradient_by_layer,PROTEINS,MatrixRes,GCNConv,1,B3,identity,20260506_222107,27,0.024176864039704756,0.15100346505641937,0.0013799784937873483
gradient_by_layer,PROTEINS,MatrixRes,GCNConv,1,B3,identity,20260507_083942,27,0.02306740295090195,0.14285330474376678,0.0012333180056884885
gradient_by_layer,PROTEINS,MatrixRes,GCNConv,1,B4,identity,20260507_084525,35,0.025602731677437467,0.16131426393985748,0.001913597690872848
gradient_by_layer,PROTEINS,MatrixRes,GCNConv,1,B5,identity,20260507_085216,43,0.02268162359710956,0.2527160942554474,0.0016792474780231714
gradient_by_layer,PROTEINS,MatrixRes,GCNConv,1,B6,identity,20260507_090232,51,0.016375608831260574,0.19170629978179932,0.0008395998738706112
gradient_by_layer,PROTEINS,MatrixRes,GCNConv,1,B7,identity,20260507_090809,59,0.007433769261065902,0.07470933347940445,0.0003231726586818695
gradient_by_layer,PROTEINS,MatrixRes,GCNConv,1,B8,identity,20260507_091459,67,0.010965542850404311,0.15344202518463135,0.0005858225049450994
gradient_by_layer,PROTEINS,MatrixRes,GCNConv,2,B1,identity,20260507_083232,11,0.022311142354737967,0.0644170269370079,0.000836265564430505
gradient_by_layer,PROTEINS,MatrixRes,GCNConv,2,B2,identity,20260507_083404,19,0.03921387018635869,0.16875112056732178,0.0053116981871426105
gradient_by_layer,PROTEINS,MatrixRes,GCNConv,2,B3,identity,20260506_222104,27,0.04969372752088087,0.27307024598121643,0.0035703349858522415
gradient_by_layer,PROTEINS,MatrixRes,GCNConv,2,B3,identity,20260507_083830,27,0.009664123545883706,0.03075091913342476,0.00114431360270828
gradient_by_layer,PROTEINS,MatrixRes,GCNConv,2,B4,identity,20260507_084348,35,0.024231523504879858,0.14606398344039917,0.0018793776398524642
gradient_by_layer,PROTEINS,MatrixRes,GCNConv,2,B5,identity,20260507_085115,43,0.020120979072850976,0.16337566077709198,0.000998912611976266
gradient_by_layer,PROTEINS,MatrixRes,GCNConv,2,B6,identity,20260507_090230,51,0.013835432072964442,0.11395730823278427,0.0008208698709495366
gradient_by_layer,PROTEINS,MatrixRes,GCNConv,2,B7,identity,20260507_090804,59,0.011104483001518175,0.11289918422698975,0.0003886151243932545
gradient_by_layer,PROTEINS,MatrixRes,GCNConv,2,B8,identity,20260507_091657,67,0.014933985049850237,0.1934664398431778,0.001083464827388525
gradient_by_layer,PROTEINS,MatrixRes,GCNConv,3,B1,identity,20260507_083236,11,0.033597965936430475,0.0828605443239212,0.006556564010679722
gradient_by_layer,PROTEINS,MatrixRes,GCNConv,3,B2,identity,20260507_083532,19,0.079157586760917,0.2331627607345581,0.0015795172657817602
gradient_by_layer,PROTEINS,MatrixRes,GCNConv,3,B3,identity,20260506_222145,27,0.03680367680714914,0.1920541375875473,0.002060713479295373
gradient_by_layer,PROTEINS,MatrixRes,GCNConv,3,B3,identity,20260507_083939,27,0.03657440647172431,0.1977023035287857,0.002210897859185934
gradient_by_layer,PROTEINS,MatrixRes,GCNConv,3,B4,identity,20260507_084730,35,0.031974230696713284,0.18546795845031738,0.0019111275905743241
gradient_by_layer,PROTEINS,MatrixRes,GCNConv,3,B5,identity,20260507_085525,43,0.023176002397396884,0.13723035156726837,0.0014489325694739819
gradient_by_layer,PROTEINS,MatrixRes,GCNConv,3,B6,identity,20260507_090444,51,0.029425570442268224,0.33166900277137756,0.00118446780834347
gradient_by_layer,PROTEINS,MatrixRes,GCNConv,3,B7,identity,20260507_091123,59,0.026374017638233254,0.2590203881263733,0.001031058724038303
gradient_by_layer,PROTEINS,MatrixRes,GCNConv,3,B8,identity,20260507_092043,67,0.02059228958582867,0.19572757184505463,0.0008475338108837605
gradient_by_layer,PROTEINS,MatrixRes,GCNConv,4,B1,identity,20260507_083227,11,0.06043949147517031,0.13944357633590698,0.009255748242139816
gradient_by_layer,PROTEINS,MatrixRes,GCNConv,4,B2,identity,20260507_083520,19,0.026116895183038554,0.11983036994934082,0.0005501926643773913
gradient_by_layer,PROTEINS,MatrixRes,GCNConv,4,B3,identity,20260506_222142,27,0.04868675173363752,0.44471144676208496,0.003160371445119381
gradient_by_layer,PROTEINS,MatrixRes,GCNConv,4,B3,identity,20260507_084012,27,0.048687236495660965,0.4447518289089203,0.003158415202051401
gradient_by_layer,PROTEINS,MatrixRes,GCNConv,4,B4,identity,20260507_084644,35,0.02095755740135376,0.2575296461582184,0.0017310198163613677
gradient_by_layer,PROTEINS,MatrixRes,GCNConv,4,B5,identity,20260507_085419,43,0.008733753560295026,0.0989932045340538,0.0005865785642527044
gradient_by_layer,PROTEINS,MatrixRes,GCNConv,4,B6,identity,20260507_090504,51,0.008930567752423823,0.09112989157438278,0.0006294834893196821
gradient_by_layer,PROTEINS,MatrixRes,GCNConv,4,B7,identity,20260507_091019,59,0.011569112043539694,0.1335998922586441,0.0004113647446502
gradient_by_layer,PROTEINS,MatrixRes,GCNConv,4,B8,identity,20260507_091919,67,0.01114329712816389,0.154993936419487,0.0005117305554449558
gradient_by_layer,PROTEINS,Plain,GCNConv,0,B3,identity,20260506_220056,26,0.004925751082527523,0.028234876692295074,0.0019050964619964361
gradient_by_layer,PROTEINS,Plain,GCNConv,0,B3,identity,20260506_221748,26,0.031792237960661836,0.1021808385848999,0.004001530818641186
gradient_by_layer,PROTEINS,Plain,GCNConv,1,B3,identity,20260506_221803,26,0.010391338656728085,0.023330284282565117,0.0041044182144105434
gradient_by_layer,PROTEINS,Plain,GCNConv,2,B3,identity,20260506_221755,26,0.008785622185454346,0.016972947865724564,0.002726157894358039
gradient_by_layer,PROTEINS,Plain,GCNConv,3,B3,identity,20260506_221806,26,0.026832451936430655,0.07231620699167252,0.00872240960597992
gradient_by_layer,PROTEINS,Plain,GCNConv,4,B3,identity,20260506_221810,26,0.007425399389691078,0.022841984406113625,0.0034503554925322533
gradient_by_layer,PROTEINS,VerticalRes,GCNConv,0,B3,identity,20260506_220057,27,0.004824476094519788,0.030388616025447845,0.0009184158989228308
gradient_by_layer,PROTEINS,VerticalRes,GCNConv,0,B3,identity,20260506_221829,27,0.027384241275420343,0.08660249412059784,0.0009793268982321024
gradient_by_layer,PROTEINS,VerticalRes,GCNConv,1,B3,identity,20260506_221850,27,0.012854214516226892,0.03379907086491585,0.00279178936034441
gradient_by_layer,PROTEINS,VerticalRes,GCNConv,2,B3,identity,20260506_220018,15,0.023157440001765887,0.09820197522640228,0.002445036545395851
gradient_by_layer,PROTEINS,VerticalRes,GCNConv,2,B3,identity,20260506_221844,27,0.009428204494287018,0.025546612218022346,0.0021337722428143024
gradient_by_layer,PROTEINS,VerticalRes,GCNConv,3,B3,identity,20260506_221851,27,0.02944813784280861,0.10493522882461548,0.003973802085965872
gradient_by_layer,PROTEINS,VerticalRes,GCNConv,4,B3,identity,20260506_221901,27,0.012472917541378626,0.046988725662231445,0.0012808868195861578
