artifact,dataset,model,operator,fold,branches,residual_mode,timestamp,residual_sites,residual_count_total,residual_norm_pre_total,residual_norm_post_total,active_ratio_mean,gate_mean
residual_stats,DD,HorizontalRes,GCNConv,0,B1,identity,20260507_080131,3,0.0,0.0,0.0,0.0,0.800000011920929
residual_stats,DD,HorizontalRes,GCNConv,0,B2,identity,20260507_080428,6,6.0,1190.2608261108398,1190.2608261108398,0.33523691197236377,0.8767480850219727
residual_stats,DD,HorizontalRes,GCNConv,0,B3,identity,20260506_220125,9,12.0,1560.7911224365234,1560.7911224365234,0.4620918366644118,0.7990365028381348
residual_stats,DD,HorizontalRes,GCNConv,0,B3,identity,20260506_222850,9,12.0,2173.178352355957,2173.178352355957,0.2598445754912164,0.8511824607849121
residual_stats,DD,HorizontalRes,GCNConv,0,B3,identity,20260507_080744,9,12.0,2258.759033203125,2258.759033203125,0.27534854826,0.8409523963928223
residual_stats,DD,HorizontalRes,GCNConv,0,B4,identity,20260507_081259,12,18.0,3222.3023681640625,3222.3023681640625,0.29233079093197983,0.8498640656471252
residual_stats,DD,HorizontalRes,GCNConv,0,B5,identity,20260507_081815,15,24.0,4580.298866271973,4580.298866271973,0.29217050820589063,0.8530261516571045
residual_stats,DD,HorizontalRes,GCNConv,0,B6,identity,20260507_083144,18,30.0,4967.608818054199,4967.608818054199,0.23038767319586542,0.8672782182693481
residual_stats,DD,HorizontalRes,GCNConv,0,B7,identity,20260507_084435,21,36.0,5068.510936737061,5068.510936737061,0.2127819565080461,0.8734827637672424
residual_stats,DD,HorizontalRes,GCNConv,0,B8,identity,20260507_085842,24,42.0,6891.649953842163,6891.649953842163,0.25588357045004767,0.8782073855400085
residual_stats,DD,HorizontalRes,GCNConv,1,B1,identity,20260507_080133,3,0.0,0.0,0.0,0.0,0.800000011920929
residual_stats,DD,HorizontalRes,GCNConv,1,B2,identity,20260507_080434,6,6.0,1209.1521911621094,1209.1521911621094,0.33339659372965497,0.8488146662712097
residual_stats,DD,HorizontalRes,GCNConv,1,B3,identity,20260506_222945,9,12.0,2678.1684226989746,2678.1684226989746,0.31895285182529026,0.8545651435852051
residual_stats,DD,HorizontalRes,GCNConv,1,B3,identity,20260507_080912,9,12.0,2596.9625968933105,2596.9625968933105,0.3272669878270891,0.8430898189544678
residual_stats,DD,HorizontalRes,GCNConv,1,B4,identity,20260507_081317,12,18.0,4013.7361907958984,4013.7361907958984,0.3014315702021122,0.8325072526931763
residual_stats,DD,HorizontalRes,GCNConv,1,B5,identity,20260507_082034,15,24.0,4699.893016815186,4699.893016815186,0.2911533201734225,0.8388200998306274
residual_stats,DD,HorizontalRes,GCNConv,1,B6,identity,20260507_083052,18,30.0,5263.437961578369,5263.437961578369,0.2707788836624887,0.8552309274673462
residual_stats,DD,HorizontalRes,GCNConv,1,B7,identity,20260507_084403,21,36.0,6984.83797454834,6984.83797454834,0.29708692254055113,0.8443468809127808
residual_stats,DD,HorizontalRes,GCNConv,1,B8,identity,20260507_090250,24,42.0,7330.220390319824,7330.220390319824,0.26633533649146557,0.846545398235321
residual_stats,DD,HorizontalRes,GCNConv,2,B1,identity,20260507_075921,3,0.0,0.0,0.0,0.0,0.800000011920929
residual_stats,DD,HorizontalRes,GCNConv,2,B2,identity,20260507_080344,6,6.0,1169.6480026245117,1169.6480026245117,0.42109471062819165,0.8049458265304565
residual_stats,DD,HorizontalRes,GCNConv,2,B3,identity,20260506_222853,9,12.0,1854.7426376342773,1854.7426376342773,0.3647208826409446,0.8005805015563965
residual_stats,DD,HorizontalRes,GCNConv,2,B3,identity,20260507_080729,9,12.0,1846.2172317504883,1846.2172317504883,0.36101842257711625,0.8005847334861755
residual_stats,DD,HorizontalRes,GCNConv,2,B4,identity,20260507_081217,12,18.0,3207.8104400634766,3207.8104400634766,0.4097447209060192,0.8035087585449219
residual_stats,DD,HorizontalRes,GCNConv,2,B5,identity,20260507_081758,15,24.0,4391.776718139648,4391.776718139648,0.36221453845500945,0.8042051196098328
residual_stats,DD,HorizontalRes,GCNConv,2,B6,identity,20260507_082721,18,30.0,5941.183540344238,5941.183540344238,0.35752590331766343,0.8051322102546692
residual_stats,DD,HorizontalRes,GCNConv,2,B7,identity,20260507_084116,21,36.0,6323.580352783203,6323.580352783203,0.346671828911418,0.8041021823883057
residual_stats,DD,HorizontalRes,GCNConv,2,B8,identity,20260507_085447,24,42.0,7220.5224533081055,7220.5224533081055,0.33542639544854563,0.8027607202529907
residual_stats,DD,HorizontalRes,GCNConv,3,B1,identity,20260507_080159,3,0.0,0.0,0.0,0.0,0.800000011920929
residual_stats,DD,HorizontalRes,GCNConv,3,B2,identity,20260507_080600,6,6.0,1086.1812362670898,1086.1812362670898,0.28234437356392544,0.8459830284118652
residual_stats,DD,HorizontalRes,GCNConv,3,B3,identity,20260506_223023,9,12.0,2348.604782104492,2348.604782104492,0.2703787609934807,0.8358914852142334
residual_stats,DD,HorizontalRes,GCNConv,3,B3,identity,20260507_081025,9,12.0,2372.9005584716797,2372.9005584716797,0.27441008885701496,0.8356775641441345
residual_stats,DD,HorizontalRes,GCNConv,3,B4,identity,20260507_081539,12,18.0,3433.451591491699,3433.451591491699,0.2725936056425174,0.8327093124389648
residual_stats,DD,HorizontalRes,GCNConv,3,B5,identity,20260507_082259,15,24.0,4494.427127838135,4494.427127838135,0.29744569857915243,0.8327367901802063
residual_stats,DD,HorizontalRes,GCNConv,3,B6,identity,20260507_083353,18,30.0,5810.918872833252,5810.918872833252,0.3252929349740346,0.8225061893463135
residual_stats,DD,HorizontalRes,GCNConv,3,B7,identity,20260507_084923,21,36.0,5983.09854888916,5983.09854888916,0.29386360978796366,0.8348384499549866
residual_stats,DD,HorizontalRes,GCNConv,3,B8,identity,20260507_090604,24,42.0,7496.973876953125,7496.973876953125,0.27963558305054903,0.851606547832489
residual_stats,DD,HorizontalRes,GCNConv,4,B1,identity,20260507_080232,3,0.0,0.0,0.0,0.0,0.800000011920929
residual_stats,DD,HorizontalRes,GCNConv,4,B2,identity,20260507_080544,6,6.0,1322.9423141479492,1322.9423141479492,0.3739227404197057,0.810797929763794
residual_stats,DD,HorizontalRes,GCNConv,4,B3,identity,20260506_222946,9,12.0,2623.5485076904297,2623.5485076904297,0.41562120285299087,0.8069218397140503
residual_stats,DD,HorizontalRes,GCNConv,4,B3,identity,20260507_080918,9,12.0,2609.0590896606445,2609.0590896606445,0.413210133711497,0.8069066405296326
residual_stats,DD,HorizontalRes,GCNConv,4,B4,identity,20260507_081457,12,18.0,3260.141181945801,3260.141181945801,0.35638707131147385,0.8037247657775879
residual_stats,DD,HorizontalRes,GCNConv,4,B5,identity,20260507_082051,15,24.0,4484.07975769043,4484.07975769043,0.3467048486073812,0.8010749220848083
residual_stats,DD,HorizontalRes,GCNConv,4,B6,identity,20260507_083618,18,30.0,4980.9424476623535,4980.9424476623535,0.2560848688913716,0.8022444248199463
residual_stats,DD,HorizontalRes,GCNConv,4,B7,identity,20260507_084858,21,36.0,7736.364028930664,7736.364028930664,0.4139238312130883,0.8040570020675659
residual_stats,DD,HorizontalRes,GCNConv,4,B8,identity,20260507_090423,24,42.0,7616.358421325684,7616.358421325684,0.35598697264989215,0.8031250238418579
residual_stats,DD,MatrixResGated,GCNConv,0,B1,sparse,20260507_100211,3,2.0,300.2657012939453,194.8350601196289,0.22027573982874551,0.8349041938781738
residual_stats,DD,MatrixResGated,GCNConv,0,B2,sparse,20260507_100630,6,14.0,2473.655586242676,1805.2916831970215,0.2731895065969891,0.8534460067749023
residual_stats,DD,MatrixResGated,GCNConv,0,B3,sparse,20260506_220134,9,26.0,3255.7124557495117,1871.5244674682617,0.2825013923976157,0.8015587329864502
residual_stats,DD,MatrixResGated,GCNConv,0,B3,sparse,20260506_223423,9,26.0,4509.049072265625,3395.9663734436035,0.22617575250290056,0.8423284292221069
residual_stats,DD,MatrixResGated,GCNConv,0,B3,sparse,20260507_084029,9,26.0,5375.3266525268555,3905.175579071045,0.3723444855875439,0.8255845904350281
residual_stats,DD,MatrixResGated,GCNConv,0,B3,sparse,20260507_084411,9,26.0,4470.483283996582,3358.919780731201,0.22519509819922623,0.8424685597419739
residual_stats,DD,MatrixResGated,GCNConv,0,B3,sparse,20260507_084458,9,26.0,4948.373321533203,3931.702049255371,0.1991551216001864,0.8524613976478577
residual_stats,DD,MatrixResGated,GCNConv,0,B3,sparse,20260507_084733,9,26.0,5204.729591369629,4410.656219482422,0.13856685316121134,0.854480504989624
residual_stats,DD,MatrixResGated,GCNConv,0,B3,sparse,20260507_084843,9,26.0,5430.43489074707,4185.3349685668945,0.290038608290531,0.8451400399208069
residual_stats,DD,MatrixResGated,GCNConv,0,B3,sparse,20260507_084944,9,26.0,4928.085639953613,3781.5452842712402,0.24244514240158932,0.8505436182022095
residual_stats,DD,MatrixResGated,GCNConv,0,B3,sparse,20260507_085156,9,26.0,4213.997749328613,3189.24116897583,0.18822766834938964,0.844219982624054
residual_stats,DD,MatrixResGated,GCNConv,0,B3,sparse,20260507_085303,9,26.0,3511.851863861084,2623.7156925201416,0.13742388313015302,0.8318376541137695
residual_stats,DD,MatrixResGated,GCNConv,0,B3,sparse,20260507_085353,9,26.0,4099.800331115723,3199.3623237609863,0.3059760153845505,0.8562073707580566
residual_stats,DD,MatrixResGated,GCNConv,0,B3,sparse,20260507_085613,9,26.0,4486.62971496582,3372.486400604248,0.22611665786416443,0.8424016833305359
residual_stats,DD,MatrixResGated,GCNConv,0,B3,sparse,20260507_085803,9,26.0,4623.2594871521,4373.417289733887,0.370673292544153,0.8336119055747986
residual_stats,DD,MatrixResGated,GCNConv,0,B3,sparse,20260507_085958,9,26.0,5311.47248840332,3748.616371154785,0.20581408650786787,0.8237118124961853
residual_stats,DD,MatrixResGated,GCNConv,0,B3,sparse,20260507_090029,9,26.0,4833.144905090332,4345.806694030762,0.33189651127214786,0.8377384543418884
residual_stats,DD,MatrixResGated,GCNConv,0,B3,sparse,20260507_090225,9,26.0,4496.993324279785,3384.2735290527344,0.22595316088861883,0.8422635197639465
residual_stats,DD,MatrixResGated,GCNConv,0,B3,sparse,20260507_090507,9,26.0,4851.210739135742,2739.832851409912,0.13933405779578067,0.8642464876174927
residual_stats,DD,MatrixResGated,GCNConv,0,B3,sparse,20260507_090601,9,26.0,5106.166648864746,3814.393886566162,0.29128741776501693,0.26441407203674316
residual_stats,DD,MatrixResGated,GCNConv,0,B3,sparse,20260507_090946,9,26.0,4875.225448608398,3653.8918685913086,0.26518190525196217,0.5628466010093689
residual_stats,DD,MatrixResGated,GCNConv,0,B3,sparse,20260507_091221,9,26.0,4484.124336242676,3371.7644844055176,0.22567077505367772,0.8422850370407104
residual_stats,DD,MatrixResGated,GCNConv,0,B3,sparse,20260507_091253,9,26.0,5151.7744216918945,3979.60652923584,0.2551770936559748,0.9594679474830627
residual_stats,DD,MatrixResGated,GCNConv,0,B3,sparse,20260507_100929,9,26.0,4502.272125244141,3385.8784370422363,0.2271542336101885,0.842203676700592
residual_stats,DD,MatrixResGated,GCNConv,0,B4,sparse,20260507_101254,12,38.0,6564.123031616211,4844.866668701172,0.25077462585435967,0.8350512385368347
residual_stats,DD,MatrixResGated,GCNConv,0,B5,sparse,20260507_101837,15,50.0,8348.014129638672,6296.827096939087,0.20721797830528682,0.8601149320602417
residual_stats,DD,MatrixResGated,GCNConv,0,B6,sparse,20260507_102427,18,62.0,10508.141674041748,7949.2510623931885,0.2083358320373076,0.8719269633293152
residual_stats,DD,MatrixResGated,GCNConv,0,B7,sparse,20260507_103151,21,74.0,12458.576377868652,9426.505475997925,0.2052882305331646,0.8724591135978699
residual_stats,DD,MatrixResGated,GCNConv,0,B8,sparse,20260507_103803,24,86.0,14631.284622192383,11062.981842041016,0.21235917463070816,0.8480662107467651
residual_stats,DD,MatrixResGated,GCNConv,1,B1,sparse,20260507_100337,3,2.0,281.3920135498047,189.16525650024414,0.1867991437514623,0.8310351967811584
residual_stats,DD,MatrixResGated,GCNConv,1,B2,sparse,20260507_100658,6,14.0,2473.63321685791,1842.9395599365234,0.2647528019216326,0.8501087427139282
residual_stats,DD,MatrixResGated,GCNConv,1,B3,sparse,20260506_223526,9,26.0,5223.867263793945,4034.803680419922,0.2748170167759613,0.8407667279243469
residual_stats,DD,MatrixResGated,GCNConv,1,B3,sparse,20260507_101020,9,26.0,5167.3967208862305,3980.695568084717,0.2732249869240655,0.8407800197601318
residual_stats,DD,MatrixResGated,GCNConv,1,B4,sparse,20260507_101433,12,38.0,7436.580192565918,5734.942939758301,0.2687127201507489,0.8377742171287537
residual_stats,DD,MatrixResGated,GCNConv,1,B5,sparse,20260507_101852,15,50.0,9368.67798614502,7208.775291442871,0.24938301003641555,0.8515729308128357
residual_stats,DD,MatrixResGated,GCNConv,1,B6,sparse,20260507_102531,18,62.0,10701.805164337158,8228.102727890015,0.21602702557488726,0.8497613668441772
residual_stats,DD,MatrixResGated,GCNConv,1,B7,sparse,20260507_103147,21,74.0,13170.60865020752,10016.510246276855,0.23835590783329236,0.8430230617523193
residual_stats,DD,MatrixResGated,GCNConv,1,B8,sparse,20260507_104116,24,86.0,15311.351287841797,11675.348518371582,0.23558914456516508,0.8403189182281494
residual_stats,DD,MatrixResGated,GCNConv,2,B1,sparse,20260507_100357,3,2.0,364.8055114746094,242.2915267944336,0.2607032557328542,0.8093203902244568
residual_stats,DD,MatrixResGated,GCNConv,2,B2,sparse,20260507_100639,6,14.0,2643.8946380615234,1825.1903953552246,0.35686250858836704,0.8110902905464172
residual_stats,DD,MatrixResGated,GCNConv,2,B3,sparse,20260506_223451,9,26.0,5091.949310302734,3713.5847511291504,0.31102363997035565,0.8084410429000854
residual_stats,DD,MatrixResGated,GCNConv,2,B3,sparse,20260507_101018,9,26.0,5092.353439331055,3713.578342437744,0.3111188878063802,0.8084375262260437
residual_stats,DD,MatrixResGated,GCNConv,2,B4,sparse,20260507_101313,12,38.0,7863.654258728027,5602.388710021973,0.371910593079196,0.8055944442749023
residual_stats,DD,MatrixResGated,GCNConv,2,B5,sparse,20260507_101726,15,50.0,9090.25080871582,6427.034908294678,0.30390135212077035,0.8083560466766357
residual_stats,DD,MatrixResGated,GCNConv,2,B6,sparse,20260507_102322,18,62.0,10674.641624450684,7551.179159164429,0.2694632691089754,0.8111211657524109
residual_stats,DD,MatrixResGated,GCNConv,2,B7,sparse,20260507_103029,21,74.0,14666.859901428223,10361.368167877197,0.3542875039435568,0.8036598563194275
residual_stats,DD,MatrixResGated,GCNConv,2,B8,sparse,20260507_103845,24,86.0,16370.874145507812,11990.68388748169,0.2843615704733465,0.8077247142791748
residual_stats,DD,MatrixResGated,GCNConv,3,B1,sparse,20260507_100432,3,2.0,311.68121337890625,206.16466522216797,0.2296437124411265,0.8239069581031799
residual_stats,DD,MatrixResGated,GCNConv,3,B2,sparse,20260507_100855,6,14.0,2453.9670181274414,1778.8594665527344,0.28478210502200657,0.8565651178359985
residual_stats,DD,MatrixResGated,GCNConv,3,B3,sparse,20260506_223613,9,26.0,4442.476898193359,3287.44038772583,0.24921000853732778,0.8367689847946167
residual_stats,DD,MatrixResGated,GCNConv,3,B3,sparse,20260507_101126,9,26.0,4543.103477478027,3383.267059326172,0.25212755379853424,0.8373282551765442
residual_stats,DD,MatrixResGated,GCNConv,3,B4,sparse,20260507_101523,12,38.0,7123.963394165039,5359.0861167907715,0.2757012811799844,0.8351631164550781
residual_stats,DD,MatrixResGated,GCNConv,3,B5,sparse,20260507_102049,15,50.0,8777.789512634277,6576.862552642822,0.24684647954172562,0.8393308520317078
residual_stats,DD,MatrixResGated,GCNConv,3,B6,sparse,20260507_102655,18,62.0,9485.021713256836,6824.2310218811035,0.2263452628972354,0.8323603272438049
residual_stats,DD,MatrixResGated,GCNConv,3,B7,sparse,20260507_103513,21,74.0,12898.672149658203,9691.664596557617,0.23564171488322905,0.845294177532196
residual_stats,DD,MatrixResGated,GCNConv,3,B8,sparse,20260507_104254,24,86.0,15696.774055480957,11804.964241027832,0.2599120342276162,0.8381301760673523
residual_stats,DD,MatrixResGated,GCNConv,4,B1,sparse,20260507_100438,3,2.0,366.75770568847656,246.75889587402344,0.2788017491499583,0.811543881893158
residual_stats,DD,MatrixResGated,GCNConv,4,B2,sparse,20260507_100745,6,14.0,2507.5720443725586,1755.5989799499512,0.3389221280813217,0.8089380264282227
residual_stats,DD,MatrixResGated,GCNConv,4,B3,sparse,20260506_223605,9,26.0,5515.655426025391,4044.447898864746,0.3798514455004975,0.8058789372444153
residual_stats,DD,MatrixResGated,GCNConv,4,B3,sparse,20260507_101140,9,26.0,5515.323196411133,4043.9621047973633,0.37990282282785137,0.8058779239654541
residual_stats,DD,MatrixResGated,GCNConv,4,B4,sparse,20260507_101458,12,38.0,7567.535942077637,5409.403667449951,0.3762742462671466,0.8044455647468567
residual_stats,DD,MatrixResGated,GCNConv,4,B5,sparse,20260507_102044,15,50.0,8184.111831665039,5586.406890869141,0.3069143856234021,0.8044419288635254
residual_stats,DD,MatrixResGated,GCNConv,4,B6,sparse,20260507_102716,18,62.0,10410.387069702148,7225.119556427002,0.30063884743937735,0.8065634369850159
residual_stats,DD,MatrixResGated,GCNConv,4,B7,sparse,20260507_103440,21,74.0,14532.911819458008,10391.655666351318,0.3624948567814297,0.8033183217048645
residual_stats,DD,MatrixResGated,GCNConv,4,B8,sparse,20260507_104131,24,86.0,14225.695419311523,9972.014953613281,0.2842403040577968,0.8053764700889587
residual_stats,DD,MatrixRes,GCNConv,0,B1,identity,20260507_091148,3,2.0,298.4343490600586,298.4343490600586,0.38907602429389954,0.8040698170661926
residual_stats,DD,MatrixRes,GCNConv,0,B2,identity,20260507_091452,6,14.0,2851.3056106567383,2851.3056106567383,0.5211780534850227,0.8289589881896973
residual_stats,DD,MatrixRes,GCNConv,0,B3,identity,20260506_220130,9,26.0,4114.572998046875,4114.572998046875,0.6255771867654941,0.7995734214782715
residual_stats,DD,MatrixRes,GCNConv,0,B3,identity,20260506_223200,9,26.0,4986.759716033936,4986.759716033936,0.43659580647945406,0.8307088017463684
residual_stats,DD,MatrixRes,GCNConv,0,B3,identity,20260507_082526,9,26.0,6105.587753295898,6105.587753295898,0.6118343769400209,0.8181641101837158
residual_stats,DD,MatrixRes,GCNConv,0,B3,identity,20260507_082557,9,26.0,5058.32780456543,5058.32780456543,0.34967393295632465,0.8204605579376221
residual_stats,DD,MatrixRes,GCNConv,0,B3,identity,20260507_082600,9,26.0,4983.937397003174,4983.937397003174,0.43125804309491755,0.831409215927124
residual_stats,DD,MatrixRes,GCNConv,0,B3,identity,20260507_083013,9,26.0,4502.9440631866455,4502.9440631866455,0.15821528088439393,0.8256061673164368
residual_stats,DD,MatrixRes,GCNConv,0,B3,identity,20260507_083052,9,26.0,6139.331741333008,6139.331741333008,0.5329144699705971,0.8327391743659973
residual_stats,DD,MatrixRes,GCNConv,0,B3,identity,20260507_083113,9,26.0,5273.787128448486,5273.787128448486,0.428835590073356,0.8395158648490906
residual_stats,DD,MatrixRes,GCNConv,0,B3,identity,20260507_083510,9,26.0,4534.010536193848,4534.010536193848,0.3805111213966652,0.8245998620986938
residual_stats,DD,MatrixRes,GCNConv,0,B3,identity,20260507_083551,9,26.0,3908.48282623291,3908.48282623291,0.3305856866417108,0.8149014711380005
residual_stats,DD,MatrixRes,GCNConv,0,B3,identity,20260507_083601,9,26.0,4130.395210266113,4130.395210266113,0.4822916587193807,0.8386438488960266
residual_stats,DD,MatrixRes,GCNConv,0,B3,identity,20260507_083936,9,26.0,5270.427219390869,5270.427219390869,0.4267139481725516,0.8399858474731445
residual_stats,DD,MatrixRes,GCNConv,0,B3,identity,20260507_084252,9,26.0,6108.217842102051,6108.217842102051,0.42556179546647604,0.8190203309059143
residual_stats,DD,MatrixRes,GCNConv,0,B3,identity,20260507_091841,9,26.0,4850.338401794434,4850.338401794434,0.42744318787698393,0.8299462795257568
residual_stats,DD,MatrixRes,GCNConv,0,B4,identity,20260507_092313,12,38.0,7106.013427734375,7106.013427734375,0.44360468238592143,0.8346319794654846
residual_stats,DD,MatrixRes,GCNConv,0,B5,identity,20260507_092952,15,50.0,8013.365962982178,8013.365962982178,0.37485077672534517,0.8368681073188782
residual_stats,DD,MatrixRes,GCNConv,0,B6,identity,20260507_093718,18,62.0,11651.225570678711,11651.225570678711,0.41829281623164816,0.824548065662384
residual_stats,DD,MatrixRes,GCNConv,0,B7,identity,20260507_094819,21,74.0,13605.498001098633,13605.498001098633,0.40406492373773034,0.8447295427322388
residual_stats,DD,MatrixRes,GCNConv,0,B8,identity,20260507_095714,24,86.0,16062.606370925903,16062.606370925903,0.42911982677049104,0.834820032119751
residual_stats,DD,MatrixRes,GCNConv,1,B1,identity,20260507_091301,3,2.0,279.31825256347656,279.31825256347656,0.36441226800282794,0.8110581040382385
residual_stats,DD,MatrixRes,GCNConv,1,B2,identity,20260507_091548,6,14.0,2804.6611976623535,2804.6611976623535,0.4636643181244533,0.8462057709693909
residual_stats,DD,MatrixRes,GCNConv,1,B3,identity,20260506_223212,9,26.0,5587.416519165039,5587.416519165039,0.4736568518258907,0.8368169665336609
residual_stats,DD,MatrixRes,GCNConv,1,B3,identity,20260507_091915,9,26.0,5629.0163497924805,5629.0163497924805,0.4855217794577281,0.8273196816444397
residual_stats,DD,MatrixRes,GCNConv,1,B4,identity,20260507_092428,12,38.0,7987.92094039917,7987.92094039917,0.4388862190975083,0.8270173072814941
residual_stats,DD,MatrixRes,GCNConv,1,B5,identity,20260507_093055,15,50.0,10038.153846740723,10038.153846740723,0.4380435868766573,0.833602249622345
residual_stats,DD,MatrixRes,GCNConv,1,B6,identity,20260507_094006,18,62.0,12521.03974533081,12521.03974533081,0.42832210152237504,0.8361095190048218
residual_stats,DD,MatrixRes,GCNConv,1,B7,identity,20260507_094832,21,74.0,14428.967784881592,14428.967784881592,0.4460258350485847,0.8257313370704651
residual_stats,DD,MatrixRes,GCNConv,1,B8,identity,20260507_100055,24,86.0,16975.438940048218,16975.438940048218,0.4412154612648819,0.8273399472236633
residual_stats,DD,MatrixRes,GCNConv,2,B1,identity,20260507_091053,3,2.0,369.10853576660156,369.10853576660156,0.4567490816116333,0.8080846667289734
residual_stats,DD,MatrixRes,GCNConv,2,B2,identity,20260507_091502,6,14.0,2855.128707885742,2855.128707885742,0.592225988705953,0.8068127632141113
residual_stats,DD,MatrixRes,GCNConv,2,B3,identity,20260506_223136,9,26.0,5999.185600280762,5999.185600280762,0.6136004532928819,0.8025170564651489
residual_stats,DD,MatrixRes,GCNConv,2,B3,identity,20260507_091813,9,26.0,5999.360122680664,5999.360122680664,0.61370309734786,0.802516758441925
residual_stats,DD,MatrixRes,GCNConv,2,B4,identity,20260507_092315,12,38.0,7900.776405334473,7900.776405334473,0.5758438604573409,0.8011090159416199
residual_stats,DD,MatrixRes,GCNConv,2,B5,identity,20260507_092933,15,50.0,9988.622020721436,9988.622020721436,0.5434894223345651,0.8013018369674683
residual_stats,DD,MatrixRes,GCNConv,2,B6,identity,20260507_093751,18,62.0,13739.46378326416,13739.46378326416,0.5445011614649383,0.8005854487419128
residual_stats,DD,MatrixRes,GCNConv,2,B7,identity,20260507_094737,21,74.0,15630.318870544434,15630.318870544434,0.5321259530763778,0.8013321161270142
residual_stats,DD,MatrixRes,GCNConv,2,B8,identity,20260507_095909,24,86.0,18653.166805267334,18653.166805267334,0.5428783525195388,0.8008056282997131
residual_stats,DD,MatrixRes,GCNConv,3,B1,identity,20260507_091349,3,2.0,288.4962387084961,288.4962387084961,0.398968646923701,0.8152806162834167
residual_stats,DD,MatrixRes,GCNConv,3,B2,identity,20260507_091630,6,14.0,2853.275390625,2853.275390625,0.529331785109308,0.8195919990539551
residual_stats,DD,MatrixRes,GCNConv,3,B3,identity,20260506_223325,9,26.0,4966.226734161377,4966.226734161377,0.4760316683186426,0.8278850317001343
residual_stats,DD,MatrixRes,GCNConv,3,B3,identity,20260507_092104,9,26.0,4962.879898071289,4962.879898071289,0.4784052839985601,0.827614426612854
residual_stats,DD,MatrixRes,GCNConv,3,B4,identity,20260507_092640,12,38.0,7557.053958892822,7557.053958892822,0.49054349917504525,0.8263804912567139
residual_stats,DD,MatrixRes,GCNConv,3,B5,identity,20260507_093417,15,50.0,9429.812152862549,9429.812152862549,0.44875723560651143,0.8302415609359741
residual_stats,DD,MatrixRes,GCNConv,3,B6,identity,20260507_094314,18,62.0,12153.690292358398,12153.690292358398,0.44549178972288417,0.8223894834518433
residual_stats,DD,MatrixRes,GCNConv,3,B7,identity,20260507_095424,21,74.0,13856.197177886963,13856.197177886963,0.421184370654916,0.8240018486976624
residual_stats,DD,MatrixRes,GCNConv,3,B8,identity,20260507_100524,24,86.0,16634.019645690918,16634.019645690918,0.46647322407613195,0.8221752643585205
residual_stats,DD,MatrixRes,GCNConv,4,B1,identity,20260507_091317,3,2.0,366.57220458984375,366.57220458984375,0.48032136758168537,0.8107976317405701
residual_stats,DD,MatrixRes,GCNConv,4,B2,identity,20260507_091618,6,14.0,2813.035469055176,2813.035469055176,0.5857892781496048,0.8095937967300415
residual_stats,DD,MatrixRes,GCNConv,4,B3,identity,20260506_223318,9,26.0,6517.985046386719,6517.985046386719,0.6611322261669018,0.8027666211128235
residual_stats,DD,MatrixRes,GCNConv,4,B3,identity,20260507_092016,9,26.0,6517.728080749512,6517.728080749512,0.6611519047507534,0.8027667999267578
residual_stats,DD,MatrixRes,GCNConv,4,B4,identity,20260507_092533,12,38.0,7450.645938873291,7450.645938873291,0.5525167704456383,0.8033170104026794
residual_stats,DD,MatrixRes,GCNConv,4,B5,identity,20260507_093247,15,50.0,9781.111724853516,9781.111724853516,0.560801868836085,0.8002238273620605
residual_stats,DD,MatrixRes,GCNConv,4,B6,identity,20260507_094131,18,62.0,10700.8794631958,10700.8794631958,0.4921985624013123,0.7995867729187012
residual_stats,DD,MatrixRes,GCNConv,4,B7,identity,20260507_095212,21,74.0,14560.927810668945,14560.927810668945,0.5551613735774207,0.7984141111373901
residual_stats,DD,MatrixRes,GCNConv,4,B8,identity,20260507_100319,24,86.0,16118.762294769287,16118.762294769287,0.5421287929432259,0.8008230924606323
residual_stats,DD,Plain,GCNConv,0,B3,identity,20260506_220121,9,0.0,0.0,0.0,0.0,0.800000011920929
residual_stats,DD,Plain,GCNConv,0,B3,identity,20260506_222425,9,0.0,0.0,0.0,0.0,0.800000011920929
residual_stats,DD,Plain,GCNConv,1,B3,identity,20260506_222440,9,0.0,0.0,0.0,0.0,0.800000011920929
residual_stats,DD,Plain,GCNConv,2,B3,identity,20260506_222348,9,0.0,0.0,0.0,0.0,0.800000011920929
residual_stats,DD,Plain,GCNConv,3,B3,identity,20260506_222519,9,0.0,0.0,0.0,0.0,0.800000011920929
residual_stats,DD,Plain,GCNConv,4,B3,identity,20260506_222520,9,0.0,0.0,0.0,0.0,0.800000011920929
residual_stats,DD,VerticalRes,GCNConv,0,B3,identity,20260506_220142,9,6.0,804.0954437255859,804.0954437255859,0.4475538664393955,0.8030324578285217
residual_stats,DD,VerticalRes,GCNConv,0,B3,identity,20260506_222633,9,6.0,690.4787063598633,690.4787063598633,0.2385498599873649,0.8557965159416199
residual_stats,DD,VerticalRes,GCNConv,1,B3,identity,20260506_222706,9,6.0,804.6208038330078,804.6208038330078,0.27977142731348675,0.831331193447113
residual_stats,DD,VerticalRes,GCNConv,2,B3,identity,20260506_222614,9,6.0,958.1712951660156,958.1712951660156,0.40410636862119037,0.8067951798439026
residual_stats,DD,VerticalRes,GCNConv,3,B3,identity,20260506_222800,9,6.0,745.5616302490234,745.5616302490234,0.2534894479645623,0.8388698697090149
residual_stats,DD,VerticalRes,GCNConv,4,B3,identity,20260506_222734,9,6.0,1130.4848861694336,1130.4848861694336,0.3856482472684648,0.8153140544891357
residual_stats,ENZYMES,HorizontalRes,GCNConv,0,B3,identity,20260506_220151,12,16.0,573.3113689422607,573.3113689422607,0.3775861809651057,0.79715895652771
residual_stats,ENZYMES,HorizontalRes,GCNConv,0,B3,identity,20260506_223728,12,16.0,573.311372756958,573.311372756958,0.3775861809651057,0.79715895652771
residual_stats,ENZYMES,HorizontalRes,GCNConv,1,B3,identity,20260506_223737,12,16.0,905.3331241607666,905.3331241607666,0.23701958544552326,0.7930039167404175
residual_stats,ENZYMES,HorizontalRes,GCNConv,2,B3,identity,20260506_223811,12,16.0,825.719181060791,825.719181060791,0.2249463809033235,0.811464250087738
residual_stats,ENZYMES,HorizontalRes,GCNConv,3,B3,identity,20260506_223816,12,16.0,1014.8219203948975,1014.8219203948975,0.2303309297809998,0.8008569478988647
residual_stats,ENZYMES,HorizontalRes,GCNConv,4,B3,identity,20260506_223800,12,16.0,965.3716850280762,965.3716850280762,0.25602727693816024,0.7978224158287048
residual_stats,ENZYMES,MatrixResGated,GCNConv,0,B3,sparse,20260506_220157,12,37.0,4373.334011077881,3841.6023139953613,0.5030385865933366,0.7981234788894653
residual_stats,ENZYMES,MatrixResGated,GCNConv,0,B3,sparse,20260506_224002,12,37.0,2569.845760345459,2099.2023973464966,0.3993589124745793,0.7945109605789185
residual_stats,ENZYMES,MatrixResGated,GCNConv,1,B3,sparse,20260506_224037,12,37.0,2212.94718170166,1844.0944089889526,0.25811662698785465,0.7972964644432068
residual_stats,ENZYMES,MatrixResGated,GCNConv,2,B3,sparse,20260506_224110,12,37.0,1765.557502746582,1388.4983224868774,0.2458746190286345,0.7941091060638428
residual_stats,ENZYMES,MatrixResGated,GCNConv,3,B3,sparse,20260506_224126,12,37.0,2416.490659713745,2140.756245613098,0.18763849101960658,0.8031732439994812
residual_stats,ENZYMES,MatrixResGated,GCNConv,4,B3,sparse,20260506_224123,12,37.0,2433.3293628692627,2086.4209308624268,0.2489075756321351,0.7969545125961304
residual_stats,ENZYMES,MatrixRes,GCNConv,0,B3,identity,20260506_220155,12,37.0,7104.976501464844,7104.976501464844,0.6401540193292831,0.7980774641036987
residual_stats,ENZYMES,MatrixRes,GCNConv,0,B3,identity,20260506_223827,12,37.0,4137.54828453064,4137.54828453064,0.571159486224254,0.7942251563072205
residual_stats,ENZYMES,MatrixRes,GCNConv,1,B3,identity,20260506_223930,12,37.0,2418.048592567444,2418.048592567444,0.34417877967158955,0.7881515026092529
residual_stats,ENZYMES,MatrixRes,GCNConv,2,B3,identity,20260506_223933,12,37.0,1889.7949438095093,1889.7949438095093,0.40525363282197047,0.7895032167434692
residual_stats,ENZYMES,MatrixRes,GCNConv,3,B3,identity,20260506_223939,12,37.0,2475.548065185547,2475.548065185547,0.3067781762530406,0.7872553467750549
residual_stats,ENZYMES,MatrixRes,GCNConv,4,B3,identity,20260506_224018,12,37.0,2570.6232986450195,2570.6232986450195,0.3966546418352259,0.7890850305557251
residual_stats,ENZYMES,Plain,GCNConv,0,B3,identity,20260506_220147,12,0.0,0.0,0.0,0.0,0.800000011920929
residual_stats,ENZYMES,Plain,GCNConv,0,B3,identity,20260506_223546,12,0.0,0.0,0.0,0.0,0.800000011920929
residual_stats,ENZYMES,Plain,GCNConv,1,B3,identity,20260506_223611,12,0.0,0.0,0.0,0.0,0.800000011920929
residual_stats,ENZYMES,Plain,GCNConv,2,B3,identity,20260506_223636,12,0.0,0.0,0.0,0.0,0.800000011920929
residual_stats,ENZYMES,Plain,GCNConv,3,B3,identity,20260506_223642,12,0.0,0.0,0.0,0.0,0.800000011920929
residual_stats,ENZYMES,Plain,GCNConv,4,B3,identity,20260506_223630,12,0.0,0.0,0.0,0.0,0.800000011920929
residual_stats,ENZYMES,VerticalRes,GCNConv,0,B3,identity,20260506_220153,12,9.0,454.7928886413574,454.7928886413574,0.4736020788550377,0.7968959212303162
residual_stats,ENZYMES,VerticalRes,GCNConv,0,B3,identity,20260506_223644,12,9.0,454.7928886413574,454.7928886413574,0.4736020788550377,0.7968959212303162
residual_stats,ENZYMES,VerticalRes,GCNConv,1,B3,identity,20260506_223655,12,9.0,532.6488800048828,532.6488800048828,0.36129863808552426,0.7856978178024292
residual_stats,ENZYMES,VerticalRes,GCNConv,2,B3,identity,20260506_223713,12,9.0,406.85327339172363,406.85327339172363,0.3239343911409378,0.7888248562812805
residual_stats,ENZYMES,VerticalRes,GCNConv,3,B3,identity,20260506_223725,12,9.0,431.2093620300293,431.2093620300293,0.256710567822059,0.7888501286506653
residual_stats,ENZYMES,VerticalRes,GCNConv,4,B3,identity,20260506_223716,12,9.0,533.6427726745605,533.6427726745605,0.36385783056418103,0.7912336587905884
residual_stats,PROTEINS,HorizontalRes,GCNConv,0,B1,identity,20260507_075815,4,0.0,0.0,0.0,0.0,0.800000011920929
residual_stats,PROTEINS,HorizontalRes,GCNConv,0,B2,identity,20260507_075937,8,8.0,539.2734642028809,539.2734642028809,0.24960527569055557,0.7825525999069214
residual_stats,PROTEINS,HorizontalRes,GCNConv,0,B3,identity,20260506_213839,6,8.0,298.37193489074707,298.37193489074707,0.3690922235449155,0.7931143641471863
residual_stats,PROTEINS,HorizontalRes,GCNConv,0,B3,identity,20260506_220101,12,16.0,1012.4793701171875,1012.4793701171875,0.3711298257112503,0.797182023525238
residual_stats,PROTEINS,HorizontalRes,GCNConv,0,B3,identity,20260506_221921,12,16.0,1179.2976837158203,1179.2976837158203,0.2408091096828381,0.7866165041923523
residual_stats,PROTEINS,HorizontalRes,GCNConv,0,B3,identity,20260507_080101,12,16.0,1209.9804801940918,1209.9804801940918,0.24553456405798593,0.7866300344467163
residual_stats,PROTEINS,HorizontalRes,GCNConv,0,B4,identity,20260507_080459,16,24.0,1663.6010818481445,1663.6010818481445,0.24823213182389736,0.788964033126831
residual_stats,PROTEINS,HorizontalRes,GCNConv,0,B5,identity,20260507_080928,20,32.0,2138.5472373962402,2138.5472373962402,0.23533945102244616,0.7823439836502075
residual_stats,PROTEINS,HorizontalRes,GCNConv,0,B6,identity,20260507_081527,24,40.0,2535.597526550293,2535.597526550293,0.255119772007068,0.7888785600662231
residual_stats,PROTEINS,HorizontalRes,GCNConv,0,B7,identity,20260507_082054,28,48.0,3110.728479385376,3110.728479385376,0.2428701493356909,0.7845707535743713
residual_stats,PROTEINS,HorizontalRes,GCNConv,0,B8,identity,20260507_082958,32,56.0,3297.9779629707336,3297.9779629707336,0.21057786245364696,0.7844915986061096
residual_stats,PROTEINS,HorizontalRes,GCNConv,1,B1,identity,20260507_075823,4,0.0,0.0,0.0,0.0,0.800000011920929
residual_stats,PROTEINS,HorizontalRes,GCNConv,1,B2,identity,20260507_075956,8,8.0,496.9839897155762,496.9839897155762,0.30733315646648407,0.7887106537818909
residual_stats,PROTEINS,HorizontalRes,GCNConv,1,B3,identity,20260506_221942,12,16.0,878.3434963226318,878.3434963226318,0.23829310045888027,0.7849678993225098
residual_stats,PROTEINS,HorizontalRes,GCNConv,1,B3,identity,20260507_080159,12,16.0,828.9880752563477,828.9880752563477,0.23021627931545177,0.785150408744812
residual_stats,PROTEINS,HorizontalRes,GCNConv,1,B4,identity,20260507_080521,16,24.0,1447.0159225463867,1447.0159225463867,0.25031711626797915,0.7918722033500671
residual_stats,PROTEINS,HorizontalRes,GCNConv,1,B5,identity,20260507_080959,20,32.0,1963.760051727295,1963.760051727295,0.23785040713846684,0.7877547144889832
residual_stats,PROTEINS,HorizontalRes,GCNConv,1,B6,identity,20260507_081602,24,40.0,2403.8490467071533,2403.8490467071533,0.25638777390122414,0.7875648140907288
residual_stats,PROTEINS,HorizontalRes,GCNConv,1,B7,identity,20260507_082355,28,48.0,3024.017134666443,3024.017134666443,0.22604530876768486,0.7864639759063721
residual_stats,PROTEINS,HorizontalRes,GCNConv,1,B8,identity,20260507_083026,32,56.0,3200.290620803833,3200.290620803833,0.26939242030493915,0.7908840179443359
residual_stats,PROTEINS,HorizontalRes,GCNConv,2,B1,identity,20260507_075823,4,0.0,0.0,0.0,0.0,0.800000011920929
residual_stats,PROTEINS,HorizontalRes,GCNConv,2,B2,identity,20260507_075925,8,8.0,606.0243110656738,606.0243110656738,0.2912190854549408,0.7937213778495789
residual_stats,PROTEINS,HorizontalRes,GCNConv,2,B3,identity,20260506_221939,12,16.0,1003.448974609375,1003.448974609375,0.23219368730982146,0.7875196933746338
residual_stats,PROTEINS,HorizontalRes,GCNConv,2,B3,identity,20260507_080133,12,16.0,1027.8265285491943,1027.8265285491943,0.22761034624030194,0.7878905534744263
residual_stats,PROTEINS,HorizontalRes,GCNConv,2,B4,identity,20260507_080434,16,24.0,1662.8715476989746,1662.8715476989746,0.22954958328045905,0.7904877662658691
residual_stats,PROTEINS,HorizontalRes,GCNConv,2,B5,identity,20260507_080908,20,32.0,2104.6953468322754,2104.6953468322754,0.23045971244573593,0.7854768633842468
residual_stats,PROTEINS,HorizontalRes,GCNConv,2,B6,identity,20260507_081438,24,40.0,2747.1783027648926,2747.1783027648926,0.2506698591945072,0.7898510098457336
residual_stats,PROTEINS,HorizontalRes,GCNConv,2,B7,identity,20260507_082132,28,48.0,3079.150192260742,3079.150192260742,0.2388195799929755,0.7862791419029236
residual_stats,PROTEINS,HorizontalRes,GCNConv,2,B8,identity,20260507_082750,32,56.0,3729.201473236084,3729.201473236084,0.2445705938152969,0.7887002229690552
residual_stats,PROTEINS,HorizontalRes,GCNConv,3,B1,identity,20260507_075842,4,0.0,0.0,0.0,0.0,0.800000011920929
residual_stats,PROTEINS,HorizontalRes,GCNConv,3,B2,identity,20260507_080005,8,8.0,558.9244842529297,558.9244842529297,0.27871907874941826,0.7923579216003418
residual_stats,PROTEINS,HorizontalRes,GCNConv,3,B3,identity,20260506_221946,12,16.0,1142.6260528564453,1142.6260528564453,0.2548592872917652,0.7907270193099976
residual_stats,PROTEINS,HorizontalRes,GCNConv,3,B3,identity,20260507_080205,12,16.0,1148.525894165039,1148.525894165039,0.2565450767676036,0.7906501889228821
residual_stats,PROTEINS,HorizontalRes,GCNConv,3,B4,identity,20260507_080632,16,24.0,1637.3801898956299,1637.3801898956299,0.233076898381114,0.7906562089920044
residual_stats,PROTEINS,HorizontalRes,GCNConv,3,B5,identity,20260507_081128,20,32.0,2091.5814819335938,2091.5814819335938,0.21483429241925478,0.7884058952331543
residual_stats,PROTEINS,HorizontalRes,GCNConv,3,B6,identity,20260507_081811,24,40.0,2774.2803993225098,2774.2803993225098,0.25069864590962726,0.7884505987167358
residual_stats,PROTEINS,HorizontalRes,GCNConv,3,B7,identity,20260507_082431,28,48.0,3160.1464805603027,3160.1464805603027,0.2489998127732958,0.7899229526519775
residual_stats,PROTEINS,HorizontalRes,GCNConv,3,B8,identity,20260507_083143,32,56.0,3453.784942626953,3453.784942626953,0.2387125106761232,0.7894443273544312
residual_stats,PROTEINS,HorizontalRes,GCNConv,4,B1,identity,20260507_075844,4,0.0,0.0,0.0,0.0,0.800000011920929
residual_stats,PROTEINS,HorizontalRes,GCNConv,4,B2,identity,20260507_080009,8,8.0,651.1661682128906,651.1661682128906,0.3601604774594307,0.7956856489181519
residual_stats,PROTEINS,HorizontalRes,GCNConv,4,B3,identity,20260506_222002,12,16.0,1045.1431503295898,1045.1431503295898,0.24641552257041135,0.7886390686035156
residual_stats,PROTEINS,HorizontalRes,GCNConv,4,B3,identity,20260507_080231,12,16.0,1061.8775787353516,1061.8775787353516,0.24915922495226064,0.7887222170829773
residual_stats,PROTEINS,HorizontalRes,GCNConv,4,B4,identity,20260507_080621,16,24.0,1837.18599319458,1837.18599319458,0.29834185261279345,0.7934655547142029
residual_stats,PROTEINS,HorizontalRes,GCNConv,4,B5,identity,20260507_081113,20,32.0,2468.750675201416,2468.750675201416,0.3251917861402035,0.7938883900642395
residual_stats,PROTEINS,HorizontalRes,GCNConv,4,B6,identity,20260507_081740,24,40.0,3390.970588684082,3390.970588684082,0.3354959773520629,0.7932718396186829
residual_stats,PROTEINS,HorizontalRes,GCNConv,4,B7,identity,20260507_082332,28,48.0,3220.863929748535,3220.863929748535,0.31558433707271305,0.7919671535491943
residual_stats,PROTEINS,HorizontalRes,GCNConv,4,B8,identity,20260507_083156,32,56.0,4901.783790588379,4901.783790588379,0.35375313204713166,0.7941250205039978
residual_stats,PROTEINS,MatrixResGated,GCNConv,0,B1,sparse,20260507_091732,4,3.0,325.44415283203125,259.7629928588867,0.3396638557314873,0.8013498783111572
residual_stats,PROTEINS,MatrixResGated,GCNConv,0,B2,sparse,20260507_092148,8,20.0,1810.6342334747314,1448.12571144104,0.33109460522731143,0.7833922505378723
residual_stats,PROTEINS,MatrixResGated,GCNConv,0,B3,sparse,20260506_213839,6,15.0,656.8402633666992,487.6357536315918,0.3613566295968162,0.7916907072067261
residual_stats,PROTEINS,MatrixResGated,GCNConv,0,B3,sparse,20260506_220105,12,37.0,7559.986114501953,6720.763031005859,0.5135947078466415,0.7981013059616089
residual_stats,PROTEINS,MatrixResGated,GCNConv,0,B3,sparse,20260506_222218,12,37.0,3608.2780113220215,2969.735288619995,0.30524563334054416,0.7805026173591614
residual_stats,PROTEINS,MatrixResGated,GCNConv,0,B3,sparse,20260507_080508,12,37.0,4791.378837585449,4056.6699981689453,0.3957006596028805,0.791793942451477
residual_stats,PROTEINS,MatrixResGated,GCNConv,0,B3,sparse,20260507_080732,12,37.0,3591.299270629883,2962.8561363220215,0.2975229045169221,0.7791499495506287
residual_stats,PROTEINS,MatrixResGated,GCNConv,0,B3,sparse,20260507_080735,12,37.0,3382.340040206909,2794.9010906219482,0.2591674809240632,0.7806730270385742
residual_stats,PROTEINS,MatrixResGated,GCNConv,0,B3,sparse,20260507_080741,12,37.0,2292.549077987671,1935.6426820755005,0.10113322051604175,0.7407269477844238
residual_stats,PROTEINS,MatrixResGated,GCNConv,0,B3,sparse,20260507_081000,12,37.0,5018.416561126709,4327.155204772949,0.365786150097847,0.7899138927459717
residual_stats,PROTEINS,MatrixResGated,GCNConv,0,B3,sparse,20260507_081007,12,37.0,3609.2597694396973,2977.5511589050293,0.30039554060333307,0.7799310684204102
residual_stats,PROTEINS,MatrixResGated,GCNConv,0,B3,sparse,20260507_081014,12,37.0,2686.489028930664,2129.171812057495,0.22498153866165213,0.7793559432029724
residual_stats,PROTEINS,MatrixResGated,GCNConv,0,B3,sparse,20260507_081237,12,37.0,1979.1752529144287,1481.120750427246,0.1623996969105469,0.7806942462921143
residual_stats,PROTEINS,MatrixResGated,GCNConv,0,B3,sparse,20260507_081244,12,37.0,3292.1701698303223,2792.3440160751343,0.3660837240931061,0.7860090732574463
residual_stats,PROTEINS,MatrixResGated,GCNConv,0,B3,sparse,20260507_081253,12,37.0,3588.196762084961,2965.922393798828,0.2929803244769573,0.7794075608253479
residual_stats,PROTEINS,MatrixResGated,GCNConv,0,B3,sparse,20260507_081510,12,37.0,3745.0545501708984,2905.514091491699,0.25001560855242944,0.7912801504135132
residual_stats,PROTEINS,MatrixResGated,GCNConv,0,B3,sparse,20260507_081524,12,37.0,4749.697225570679,4606.505393981934,0.42032681529720634,0.7798847556114197
residual_stats,PROTEINS,MatrixResGated,GCNConv,0,B3,sparse,20260507_081533,12,37.0,3947.244863510132,3685.1480503082275,0.35335339672035637,0.7725706696510315
residual_stats,PROTEINS,MatrixResGated,GCNConv,0,B3,sparse,20260507_081752,12,37.0,3607.2983779907227,2977.008424758911,0.2989094294193718,0.779226541519165
residual_stats,PROTEINS,MatrixResGated,GCNConv,0,B3,sparse,20260507_081805,12,37.0,3413.142292022705,2281.110908508301,0.20399448606703016,0.789194643497467
residual_stats,PROTEINS,MatrixResGated,GCNConv,0,B3,sparse,20260507_081814,12,37.0,3449.9105682373047,2707.5727882385254,0.3796664839817418,0.19939129054546356
residual_stats,PROTEINS,MatrixResGated,GCNConv,0,B3,sparse,20260507_082035,12,37.0,3874.9063034057617,3172.344051361084,0.3585026171472338,0.4922454059123993
residual_stats,PROTEINS,MatrixResGated,GCNConv,0,B3,sparse,20260507_082048,12,37.0,3584.9813919067383,2957.324405670166,0.2962523168573777,0.7792477011680603
residual_stats,PROTEINS,MatrixResGated,GCNConv,0,B3,sparse,20260507_082057,12,37.0,3934.4144172668457,3316.4777908325195,0.29195335018965934,0.9441335797309875
residual_stats,PROTEINS,MatrixResGated,GCNConv,0,B3,sparse,20260507_092516,12,37.0,3597.040687561035,2959.9804611206055,0.3037290626102023,0.7789855599403381
residual_stats,PROTEINS,MatrixResGated,GCNConv,0,B4,sparse,20260507_092906,16,54.0,5432.877279281616,4532.540363311768,0.2831884768481056,0.7862699627876282
residual_stats,PROTEINS,MatrixResGated,GCNConv,0,B5,sparse,20260507_093625,20,71.0,5737.984039306641,4648.539530754089,0.24295489047964414,0.7814944982528687
residual_stats,PROTEINS,MatrixResGated,GCNConv,0,B6,sparse,20260507_094310,24,88.0,7960.611268997192,6469.541549682617,0.2842655479080147,0.7819163203239441
residual_stats,PROTEINS,MatrixResGated,GCNConv,0,B7,sparse,20260507_095516,28,105.0,9226.581552505493,7576.889254570007,0.25972272777663813,0.780742347240448
residual_stats,PROTEINS,MatrixResGated,GCNConv,0,B8,sparse,20260507_100244,32,122.0,11045.303480148315,9049.113156318665,0.2774576592491939,0.7867313623428345
residual_stats,PROTEINS,MatrixResGated,GCNConv,1,B1,sparse,20260507_091839,4,3.0,251.23348236083984,191.4591407775879,0.32699423283338547,0.7929242253303528
residual_stats,PROTEINS,MatrixResGated,GCNConv,1,B2,sparse,20260507_092143,8,20.0,1769.67085647583,1414.795244216919,0.356304748604695,0.7885230183601379
residual_stats,PROTEINS,MatrixResGated,GCNConv,1,B3,sparse,20260506_222231,12,37.0,3728.245864868164,3116.0022888183594,0.31555018896857895,0.7822463512420654
residual_stats,PROTEINS,MatrixResGated,GCNConv,1,B3,sparse,20260507_092610,12,37.0,3484.6362895965576,2882.2517585754395,0.3064804541981882,0.7807815670967102
residual_stats,PROTEINS,MatrixResGated,GCNConv,1,B4,sparse,20260507_092943,16,54.0,4931.618011474609,4057.6367378234863,0.29583632489666345,0.7865024209022522
residual_stats,PROTEINS,MatrixResGated,GCNConv,1,B5,sparse,20260507_093636,20,71.0,5697.822353363037,4700.433760643005,0.23948782835155727,0.7791038751602173
residual_stats,PROTEINS,MatrixResGated,GCNConv,1,B6,sparse,20260507_094557,24,88.0,7058.495401382446,5667.555527687073,0.28521769899461,0.7802566289901733
residual_stats,PROTEINS,MatrixResGated,GCNConv,1,B7,sparse,20260507_095442,28,105.0,9006.101541519165,7384.866683959961,0.28448827416591704,0.7823586463928223
residual_stats,PROTEINS,MatrixResGated,GCNConv,1,B8,sparse,20260507_100451,32,122.0,10377.741609573364,8488.684025764465,0.28367540153364346,0.7882667183876038
residual_stats,PROTEINS,MatrixResGated,GCNConv,2,B1,sparse,20260507_091922,4,3.0,278.2059020996094,216.21116638183594,0.3173059895634651,0.7915478944778442
residual_stats,PROTEINS,MatrixResGated,GCNConv,2,B2,sparse,20260507_092158,8,20.0,2032.2113037109375,1665.3385276794434,0.35265809421737987,0.7910196185112
residual_stats,PROTEINS,MatrixResGated,GCNConv,2,B3,sparse,20260506_222245,12,37.0,3665.8044567108154,3046.009895324707,0.2993968938787778,0.7817648649215698
residual_stats,PROTEINS,MatrixResGated,GCNConv,2,B3,sparse,20260507_092611,12,37.0,3641.1900215148926,3021.328577041626,0.29844072659810383,0.781939685344696
residual_stats,PROTEINS,MatrixResGated,GCNConv,2,B4,sparse,20260507_093053,16,54.0,5041.807788848877,4145.259195327759,0.2843678491810958,0.7835940718650818
residual_stats,PROTEINS,MatrixResGated,GCNConv,2,B5,sparse,20260507_093532,20,71.0,6292.966979980469,5217.370321273804,0.2523729656140009,0.7823469042778015
residual_stats,PROTEINS,MatrixResGated,GCNConv,2,B6,sparse,20260507_094601,24,88.0,7078.207950592041,5745.510280609131,0.24349482936991582,0.7823965549468994
residual_stats,PROTEINS,MatrixResGated,GCNConv,2,B7,sparse,20260507_095434,28,105.0,10301.885311126709,8617.06335735321,0.28646192499214695,0.7836097478866577
residual_stats,PROTEINS,MatrixResGated,GCNConv,2,B8,sparse,20260507_100705,32,122.0,9939.918773651123,8075.776898384094,0.25382728291830675,0.7837763428688049
residual_stats,PROTEINS,MatrixResGated,GCNConv,3,B1,sparse,20260507_092001,4,3.0,258.31880950927734,199.56966400146484,0.2971794232726097,0.7953459620475769
residual_stats,PROTEINS,MatrixResGated,GCNConv,3,B2,sparse,20260507_092323,8,20.0,1800.8340950012207,1447.214931488037,0.3418011072402199,0.7875364422798157
residual_stats,PROTEINS,MatrixResGated,GCNConv,3,B3,sparse,20260506_222301,12,37.0,3679.71693611145,3067.630907058716,0.31669915157059825,0.786605954170227
residual_stats,PROTEINS,MatrixResGated,GCNConv,3,B3,sparse,20260507_092711,12,37.0,3633.6021213531494,3020.8563175201416,0.31459121302598053,0.7866568565368652
residual_stats,PROTEINS,MatrixResGated,GCNConv,3,B4,sparse,20260507_093152,16,54.0,4539.621475219727,3702.1394691467285,0.26631565305093924,0.7856127619743347
residual_stats,PROTEINS,MatrixResGated,GCNConv,3,B5,sparse,20260507_094027,20,71.0,5615.482437133789,4565.5710735321045,0.24693579280128083,0.7802115678787231
residual_stats,PROTEINS,MatrixResGated,GCNConv,3,B6,sparse,20260507_094828,24,88.0,7158.506683349609,5804.270267486572,0.2649930815315909,0.7833913564682007
residual_stats,PROTEINS,MatrixResGated,GCNConv,3,B7,sparse,20260507_100112,28,105.0,9157.21690940857,7490.821197509766,0.28862602397622095,0.7843572497367859
residual_stats,PROTEINS,MatrixResGated,GCNConv,3,B8,sparse,20260507_100847,32,122.0,8942.812536239624,7150.423306465149,0.2447535443973417,0.7802892923355103
residual_stats,PROTEINS,MatrixResGated,GCNConv,4,B1,sparse,20260507_091950,4,3.0,329.8177185058594,259.28035736083984,0.3893839791417122,0.8017678260803223
residual_stats,PROTEINS,MatrixResGated,GCNConv,4,B2,sparse,20260507_092250,8,20.0,1993.5383644104004,1605.3876514434814,0.36068237821261084,0.7924013733863831
residual_stats,PROTEINS,MatrixResGated,GCNConv,4,B3,sparse,20260506_222306,12,37.0,4106.884510040283,3437.924591064453,0.3376248407695029,0.7882384657859802
residual_stats,PROTEINS,MatrixResGated,GCNConv,4,B3,sparse,20260507_092751,12,37.0,4111.4195556640625,3442.775608062744,0.3372702991796865,0.7882304191589355
residual_stats,PROTEINS,MatrixResGated,GCNConv,4,B4,sparse,20260507_093147,16,54.0,5428.179727554321,4467.628578186035,0.324608192499727,0.7901813387870789
residual_stats,PROTEINS,MatrixResGated,GCNConv,4,B5,sparse,20260507_093905,20,71.0,7287.186407089233,6021.7367696762085,0.32868386529386046,0.7899520993232727
residual_stats,PROTEINS,MatrixResGated,GCNConv,4,B6,sparse,20260507_094911,24,88.0,9152.484497070312,7523.578769683838,0.34407702804439594,0.7898200750350952
residual_stats,PROTEINS,MatrixResGated,GCNConv,4,B7,sparse,20260507_095833,28,105.0,11232.967525482178,9311.104612350464,0.34555996917188164,0.7878825664520264
residual_stats,PROTEINS,MatrixResGated,GCNConv,4,B8,sparse,20260507_100813,32,122.0,16617.904579162598,14149.7225856781,0.41995175651585054,0.7938549518585205
residual_stats,PROTEINS,MatrixRes,GCNConv,0,B1,identity,20260507_083105,4,3.0,366.4553985595703,366.4553985595703,0.4730965569615364,0.7995984554290771
residual_stats,PROTEINS,MatrixRes,GCNConv,0,B2,identity,20260507_083422,8,20.0,2196.5629291534424,2196.5629291534424,0.4470285456627608,0.7794128656387329
residual_stats,PROTEINS,MatrixRes,GCNConv,0,B3,identity,20260506_220101,12,37.0,12361.734146118164,12361.734146118164,0.6560774443878068,0.7980911731719971
residual_stats,PROTEINS,MatrixRes,GCNConv,0,B3,identity,20260506_222106,12,37.0,4592.625373840332,4592.625373840332,0.4086374308500025,0.7688574194908142
residual_stats,PROTEINS,MatrixRes,GCNConv,0,B3,identity,20260507_075923,12,37.0,4226.86079788208,4226.86079788208,0.37076581083238125,0.7724412679672241
residual_stats,PROTEINS,MatrixRes,GCNConv,0,B3,identity,20260507_075924,12,37.0,4982.735685348511,4982.735685348511,0.43383319328228637,0.7791253328323364
residual_stats,PROTEINS,MatrixRes,GCNConv,0,B3,identity,20260507_080102,12,37.0,4643.44881439209,4643.44881439209,0.4070735895799266,0.7756679058074951
residual_stats,PROTEINS,MatrixRes,GCNConv,0,B3,identity,20260507_080247,12,37.0,3704.1803302764893,3704.1803302764893,0.4355922321892447,0.7783805727958679
residual_stats,PROTEINS,MatrixRes,GCNConv,0,B3,identity,20260507_080250,12,37.0,3745.613941192627,3745.613941192627,0.4041078939206071,0.7817010879516602
residual_stats,PROTEINS,MatrixRes,GCNConv,0,B3,identity,20260507_080253,12,37.0,2500.4071769714355,2500.4071769714355,0.2989770161608855,0.7766625285148621
residual_stats,PROTEINS,MatrixRes,GCNConv,0,B3,identity,20260507_080503,12,37.0,4525.88553237915,4525.88553237915,0.40175313692953857,0.7701130509376526
residual_stats,PROTEINS,MatrixRes,GCNConv,0,B3,identity,20260507_080515,12,37.0,4436.331663131714,4436.331663131714,0.4025284332533678,0.7801018357276917
residual_stats,PROTEINS,MatrixRes,GCNConv,0,B3,identity,20260507_083719,12,37.0,4593.774114608765,4593.774114608765,0.40904975806673366,0.7703810930252075
residual_stats,PROTEINS,MatrixRes,GCNConv,0,B4,identity,20260507_084432,16,54.0,6424.918684005737,6424.918684005737,0.40486511597409847,0.7754322290420532
residual_stats,PROTEINS,MatrixRes,GCNConv,0,B5,identity,20260507_084950,20,71.0,7892.787566184998,7892.787566184998,0.39598817398150765,0.775387167930603
residual_stats,PROTEINS,MatrixRes,GCNConv,0,B6,identity,20260507_085951,24,88.0,10413.853649139404,10413.853649139404,0.4128179666275779,0.7739391326904297
residual_stats,PROTEINS,MatrixRes,GCNConv,0,B7,identity,20260507_090742,28,105.0,13337.452074050903,13337.452074050903,0.4299920686298892,0.7774697542190552
residual_stats,PROTEINS,MatrixRes,GCNConv,0,B8,identity,20260507_091235,32,122.0,14275.22454071045,14275.22454071045,0.4139181648536275,0.7777323722839355
residual_stats,PROTEINS,MatrixRes,GCNConv,1,B1,identity,20260507_083150,4,3.0,290.0711441040039,290.0711441040039,0.4741549640893936,0.7949991226196289
residual_stats,PROTEINS,MatrixRes,GCNConv,1,B2,identity,20260507_083416,8,20.0,2129.501817703247,2129.501817703247,0.47874377854168415,0.7847697734832764
residual_stats,PROTEINS,MatrixRes,GCNConv,1,B3,identity,20260506_214212,6,15.0,705.2374687194824,705.2374687194824,0.5141588101784388,0.7931777238845825
residual_stats,PROTEINS,MatrixRes,GCNConv,1,B3,identity,20260506_222107,12,37.0,4491.891208648682,4491.891208648682,0.4453430257737636,0.7739368081092834
residual_stats,PROTEINS,MatrixRes,GCNConv,1,B3,identity,20260507_083942,12,37.0,4425.604583740234,4425.604583740234,0.4395538415345881,0.7722930312156677
residual_stats,PROTEINS,MatrixRes,GCNConv,1,B4,identity,20260507_084525,16,54.0,5703.844686508179,5703.844686508179,0.4075033179173867,0.7742008566856384
residual_stats,PROTEINS,MatrixRes,GCNConv,1,B5,identity,20260507_085216,20,71.0,7503.40012550354,7503.40012550354,0.41027753127117955,0.7755604386329651
residual_stats,PROTEINS,MatrixRes,GCNConv,1,B6,identity,20260507_090232,24,88.0,9208.267404556274,9208.267404556274,0.4244761675182316,0.7741515040397644
residual_stats,PROTEINS,MatrixRes,GCNConv,1,B7,identity,20260507_090809,28,105.0,12242.06927204132,12242.06927204132,0.44177196793967777,0.780479907989502
residual_stats,PROTEINS,MatrixRes,GCNConv,1,B8,identity,20260507_091459,32,122.0,14006.654537200928,14006.654537200928,0.4505341843081017,0.7812697887420654
residual_stats,PROTEINS,MatrixRes,GCNConv,2,B1,identity,20260507_083232,4,3.0,296.7624969482422,296.7624969482422,0.4487826079130173,0.789930522441864
residual_stats,PROTEINS,MatrixRes,GCNConv,2,B2,identity,20260507_083404,8,20.0,2329.715410232544,2329.715410232544,0.4605886563658714,0.781873345375061
residual_stats,PROTEINS,MatrixRes,GCNConv,2,B3,identity,20260506_222104,12,37.0,4402.131242752075,4402.131242752075,0.3968428755799929,0.7732021808624268
residual_stats,PROTEINS,MatrixRes,GCNConv,2,B3,identity,20260507_083830,12,37.0,4624.274711608887,4624.274711608887,0.41345673319366244,0.777073860168457
residual_stats,PROTEINS,MatrixRes,GCNConv,2,B4,identity,20260507_084348,16,54.0,6756.952568054199,6756.952568054199,0.44084581009422735,0.7786543369293213
residual_stats,PROTEINS,MatrixRes,GCNConv,2,B5,identity,20260507_085115,20,71.0,8053.015146255493,8053.015146255493,0.4199252396325271,0.7767341136932373
residual_stats,PROTEINS,MatrixRes,GCNConv,2,B6,identity,20260507_090230,24,88.0,9571.95997428894,9571.95997428894,0.3872588262996739,0.7718586325645447
residual_stats,PROTEINS,MatrixRes,GCNConv,2,B7,identity,20260507_090804,28,105.0,14184.134267807007,14184.134267807007,0.46670273361461506,0.7796450257301331
residual_stats,PROTEINS,MatrixRes,GCNConv,2,B8,identity,20260507_091657,32,122.0,11796.694425582886,11796.694425582886,0.36953732810604073,0.7718201875686646
residual_stats,PROTEINS,MatrixRes,GCNConv,3,B1,identity,20260507_083236,4,3.0,280.20458221435547,280.20458221435547,0.4281277358531952,0.7877825498580933
residual_stats,PROTEINS,MatrixRes,GCNConv,3,B2,identity,20260507_083532,8,20.0,2161.776975631714,2161.776975631714,0.46738581545650953,0.7832845449447632
residual_stats,PROTEINS,MatrixRes,GCNConv,3,B3,identity,20260506_222145,12,37.0,4970.509408950806,4970.509408950806,0.4593005356689293,0.7816479206085205
residual_stats,PROTEINS,MatrixRes,GCNConv,3,B3,identity,20260507_083939,12,37.0,4988.012701034546,4988.012701034546,0.46000449251797465,0.7816869616508484
residual_stats,PROTEINS,MatrixRes,GCNConv,3,B4,identity,20260507_084730,16,54.0,5812.722494125366,5812.722494125366,0.4147196218371391,0.7787977457046509
residual_stats,PROTEINS,MatrixRes,GCNConv,3,B5,identity,20260507_085525,20,71.0,7685.071207046509,7685.071207046509,0.39782369715472066,0.7760105133056641
residual_stats,PROTEINS,MatrixRes,GCNConv,3,B6,identity,20260507_090444,24,88.0,9582.311195373535,9582.311195373535,0.4222398197692301,0.7757863998413086
residual_stats,PROTEINS,MatrixRes,GCNConv,3,B7,identity,20260507_091123,28,105.0,12814.306067466736,12814.306067466736,0.4553234257690963,0.7804839611053467
residual_stats,PROTEINS,MatrixRes,GCNConv,3,B8,identity,20260507_092043,32,122.0,12622.953910827637,12622.953910827637,0.4211206722228477,0.7775998711585999
residual_stats,PROTEINS,MatrixRes,GCNConv,4,B1,identity,20260507_083227,4,3.0,351.3186798095703,351.3186798095703,0.5178754329681396,0.800411581993103
residual_stats,PROTEINS,MatrixRes,GCNConv,4,B2,identity,20260507_083520,8,20.0,2502.106517791748,2502.106517791748,0.5070239597310623,0.7886770963668823
residual_stats,PROTEINS,MatrixRes,GCNConv,4,B3,identity,20260506_222142,12,37.0,5260.509899139404,5260.509899139404,0.4842471187313398,0.7848484516143799
residual_stats,PROTEINS,MatrixRes,GCNConv,4,B3,identity,20260507_084012,12,37.0,5260.355735778809,5260.355735778809,0.48426209994488284,0.7848486304283142
residual_stats,PROTEINS,MatrixRes,GCNConv,4,B4,identity,20260507_084644,16,54.0,8470.035322189331,8470.035322189331,0.5243717065701883,0.7878054976463318
residual_stats,PROTEINS,MatrixRes,GCNConv,4,B5,identity,20260507_085419,20,71.0,9522.416585922241,9522.416585922241,0.4950634297728539,0.7848848104476929
residual_stats,PROTEINS,MatrixRes,GCNConv,4,B6,identity,20260507_090504,24,88.0,11367.888702392578,11367.888702392578,0.48980900436225866,0.7829456329345703
residual_stats,PROTEINS,MatrixRes,GCNConv,4,B7,identity,20260507_091019,28,105.0,16097.537408828735,16097.537408828735,0.5146862749542509,0.7864000797271729
residual_stats,PROTEINS,MatrixRes,GCNConv,4,B8,identity,20260507_091919,32,122.0,14919.017129898071,14919.017129898071,0.46315013271135574,0.7826846241950989
residual_stats,PROTEINS,Plain,GCNConv,0,B3,identity,20260506_213747,6,0.0,0.0,0.0,0.0,0.800000011920929
residual_stats,PROTEINS,Plain,GCNConv,0,B3,identity,20260506_220056,12,0.0,0.0,0.0,0.0,0.800000011920929
residual_stats,PROTEINS,Plain,GCNConv,0,B3,identity,20260506_221748,12,0.0,0.0,0.0,0.0,0.800000011920929
residual_stats,PROTEINS,Plain,GCNConv,1,B3,identity,20260506_221803,12,0.0,0.0,0.0,0.0,0.800000011920929
residual_stats,PROTEINS,Plain,GCNConv,2,B3,identity,20260506_221755,12,0.0,0.0,0.0,0.0,0.800000011920929
residual_stats,PROTEINS,Plain,GCNConv,3,B3,identity,20260506_221806,12,0.0,0.0,0.0,0.0,0.800000011920929
residual_stats,PROTEINS,Plain,GCNConv,4,B3,identity,20260506_221810,12,0.0,0.0,0.0,0.0,0.800000011920929
residual_stats,PROTEINS,VerticalRes,GCNConv,0,B3,identity,20260506_220057,12,9.0,829.3204116821289,829.3204116821289,0.48919499417146045,0.7971084117889404
residual_stats,PROTEINS,VerticalRes,GCNConv,0,B3,identity,20260506_221829,12,9.0,778.4435729980469,778.4435729980469,0.36860552181800205,0.767806887626648
residual_stats,PROTEINS,VerticalRes,GCNConv,1,B3,identity,20260506_221850,12,9.0,513.5979385375977,513.5979385375977,0.2767631784081459,0.7022165060043335
residual_stats,PROTEINS,VerticalRes,GCNConv,2,B3,identity,20260506_220018,6,3.0,136.4134635925293,136.4134635925293,0.22650731106599173,0.8025111556053162
residual_stats,PROTEINS,VerticalRes,GCNConv,2,B3,identity,20260506_221844,12,9.0,689.9472961425781,689.9472961425781,0.34356845418612164,0.7690476775169373
residual_stats,PROTEINS,VerticalRes,GCNConv,3,B3,identity,20260506_221851,12,9.0,794.4737358093262,794.4737358093262,0.37066228439410526,0.7841704487800598
residual_stats,PROTEINS,VerticalRes,GCNConv,4,B3,identity,20260506_221901,12,9.0,832.6854095458984,832.6854095458984,0.4214959641297658,0.7944221496582031
