dataset,model,operator,fold,branches,residual_mode,mean_pairwise_distance,max_pairwise_distance,residual_count_total,residual_norm_pre_total,residual_norm_post_total,active_ratio_mean,gate_mean,mean_grad_norm,grad_max,grad_min,mean_cosine_branch,mean_cosine_depth,mean_cka_branch,mean_cka_depth
DD,HorizontalRes,GCNConv,0,B1,identity,0.0,0.0,0.0,0.0,0.0,0.0,0.800000011920929,0.1271592197008431,0.4895128905773163,0.02895803563296795,1.0,0.5563832521438599,1.0,0.7451711363262601
DD,HorizontalRes,GCNConv,0,B2,identity,0.1278786063194275,0.1278786063194275,6.0,1190.2608261108398,1190.2608261108398,0.33523691197236377,0.8767480850219727,0.09278370291770746,0.342634916305542,0.0007564389379695058,0.998601421713829,0.7560446858406067,0.9999650716781616,0.792452355225881
DD,HorizontalRes,GCNConv,0,B3,identity,0.7344671289126078,0.7452146410942078,12.0,2258.759033203125,2258.759033203125,0.27534854826,0.8409523963928223,0.09708837087133101,0.42867031693458557,0.012593499384820461,0.9626446300082736,0.6726290980974833,0.9990201857354906,0.8059209055370755
DD,HorizontalRes,GCNConv,0,B4,identity,1.011413296063741,1.3236888647079468,18.0,3222.3023681640625,3222.3023681640625,0.29233079093197983,0.8498640656471252,0.04002865251257188,0.1792392134666443,0.00374055583961308,0.9053585417568684,0.7029167413711548,0.988157831132412,0.80716872215271
DD,HorizontalRes,GCNConv,0,B5,identity,1.3345814645290375,1.7772138118743896,24.0,4580.298866271973,4580.298866271973,0.29217050820589063,0.8530261516571045,0.04920486121607775,0.24470186233520508,0.003364164149388671,0.8243246078491211,0.6123962865935432,0.939353461265564,0.8173472285270691
DD,HorizontalRes,GCNConv,0,B6,identity,1.355522664388021,2.0950632095336914,30.0,4967.608818054199,4967.608818054199,0.23038767319586542,0.8672782182693481,0.09445796955902225,0.46991604566574097,0.003804038744419813,0.749119038383166,0.5727078649732802,0.7478152811527252,0.8128150039248996
DD,HorizontalRes,GCNConv,0,B7,identity,1.2209314150469643,1.96980881690979,36.0,5068.510936737061,5068.510936737061,0.2127819565080461,0.8734827637672424,0.036584437566084996,0.20674625039100647,0.0010366274509578943,0.7005021328828773,0.6162820590866936,0.6677350452055737,0.7865103350745307
DD,HorizontalRes,GCNConv,0,B8,identity,1.551178174359458,2.515692949295044,42.0,6891.649953842163,6891.649953842163,0.25588357045004767,0.8782073855400085,0.0626303593025488,0.29574668407440186,0.002271548844873905,0.6980815762653947,0.6372138261795044,0.6990325707010925,0.751341826385922
DD,HorizontalRes,GCNConv,1,B1,identity,0.0,0.0,0.0,0.0,0.0,0.0,0.800000011920929,0.03013885553809814,0.11713077872991562,0.0013008450623601675,1.0,0.6212244696087308,1.0,0.9276474979188707
DD,HorizontalRes,GCNConv,1,B2,identity,0.17798322439193726,0.17798322439193726,6.0,1209.1521911621094,1209.1521911621094,0.33339659372965497,0.8488146662712097,0.15967383480941255,0.6274960041046143,0.002701211255043745,0.9972672164440155,0.6648441486888461,0.999998152256012,0.9409667650858561
DD,HorizontalRes,GCNConv,1,B3,identity,0.9874769051869711,1.0753741264343262,12.0,2596.9625968933105,2596.9625968933105,0.3272669878270891,0.8430898189544678,0.0253090261526051,0.11055814474821091,0.002015456324443221,0.943421893649631,0.6985679864883423,0.9988652931319343,0.9087526665793525
DD,HorizontalRes,GCNConv,1,B4,identity,1.2830702463785808,1.6037923097610474,18.0,4013.7361907958984,4013.7361907958984,0.3014315702021122,0.8325072526931763,0.014761137717869133,0.0807492807507515,0.0008641258464194834,0.8971392326056957,0.6707604395018684,0.9969623647630215,0.8991734915309482
DD,HorizontalRes,GCNConv,1,B5,identity,1.4321879208087922,2.150608539581299,24.0,4699.893016815186,4699.893016815186,0.2911533201734225,0.8388200998306274,0.013450965145955595,0.06301140040159225,0.00045661930926144123,0.8247723627090454,0.6577491362889608,0.9261001491546631,0.8020337886280484
DD,HorizontalRes,GCNConv,1,B6,identity,1.514547061920166,2.3290927410125732,30.0,5263.437961578369,5263.437961578369,0.2707788836624887,0.8552309274673462,0.060182735873147465,0.34075701236724854,0.002687032800167799,0.7963734252585305,0.6075451638963487,0.9769506785604689,0.9213093982802497
DD,HorizontalRes,GCNConv,1,B7,identity,1.8397248756317865,2.9437694549560547,36.0,6984.83797454834,6984.83797454834,0.29708692254055113,0.8443468809127808,0.041868099941509876,0.24593324959278107,0.000832647958304733,0.6797080404904424,0.615832527478536,0.6210709998802263,0.9279352691438463
DD,HorizontalRes,GCNConv,1,B8,identity,1.6317591496876307,2.702326536178589,42.0,7330.220390319824,7330.220390319824,0.26633533649146557,0.846545398235321,0.025789029540165383,0.14220082759857178,0.0011477574007585645,0.7380133420228958,0.6234667830997043,0.9177081044763327,0.8825227816899618
DD,HorizontalRes,GCNConv,2,B1,identity,0.0,0.0,0.0,0.0,0.0,0.0,0.800000011920929,0.12961257109418511,0.48424941301345825,0.03967348113656044,1.0000001192092896,0.6891274915801154,1.0,0.9439496133062575
DD,HorizontalRes,GCNConv,2,B2,identity,0.170950785279274,0.170950785279274,6.0,1169.6480026245117,1169.6480026245117,0.42109471062819165,0.8049458265304565,0.01713749747723341,0.043687719851732254,0.0073674581944942474,0.9956795573234558,0.6808334257867601,0.9999952614307404,0.9691899882422553
DD,HorizontalRes,GCNConv,2,B3,identity,0.46610670288403827,0.487408846616745,12.0,1846.2172317504883,1846.2172317504883,0.36101842257711625,0.8005847334861755,0.010625015367709455,0.035378288477659225,0.0030228933319449425,0.9571141733063592,0.641897545920478,0.9992277092403836,0.962193681134118
DD,HorizontalRes,GCNConv,2,B4,identity,0.9084955851236979,1.1430705785751343,18.0,3207.8104400634766,3207.8104400634766,0.4097447209060192,0.8035087585449219,0.030173065951438965,0.11268709599971771,0.0057076564989984035,0.9059674851596355,0.6811477541923523,0.9966128505766392,0.9679873718155755
DD,HorizontalRes,GCNConv,2,B5,identity,1.1356326162815094,1.6877615451812744,24.0,4391.776718139648,4391.776718139648,0.36221453845500945,0.8042051196098328,0.05098150111734867,0.19112782180309296,0.0023097717203199863,0.8725875830650329,0.6448898182974921,0.9944791340827942,0.9894519911872016
DD,HorizontalRes,GCNConv,2,B6,identity,1.4149720907211303,2.186450481414795,30.0,5941.183540344238,5941.183540344238,0.35752590331766343,0.8051322102546692,0.03834971810619418,0.18339741230010986,0.00445142388343811,0.8180649611685011,0.626752085155911,0.9963000565767288,0.9817471239301894
DD,HorizontalRes,GCNConv,2,B7,identity,1.062603127388727,1.3821450471878052,36.0,6323.580352783203,6323.580352783203,0.346671828911418,0.8041021823883057,0.0076717384263045255,0.04159806668758392,0.0023318121675401926,0.8137524127960205,0.6396870811780294,0.9906587016825773,0.9865990082422892
DD,HorizontalRes,GCNConv,2,B8,identity,0.9439926019736699,1.2669552564620972,42.0,7220.5224533081055,7220.5224533081055,0.33542639544854563,0.8027607202529907,0.03006422936952874,0.1131567507982254,0.0038726795464754105,0.8300682175904512,0.59559698899587,0.9935312708839774,0.9539419081475999
DD,HorizontalRes,GCNConv,3,B1,identity,0.0,0.0,0.0,0.0,0.0,0.0,0.800000011920929,0.05979069811291993,0.24728547036647797,0.006701693870127201,0.9999999403953552,0.5861355463663737,1.0,0.7505144543117948
DD,HorizontalRes,GCNConv,3,B2,identity,0.1501481980085373,0.1501481980085373,6.0,1086.1812362670898,1086.1812362670898,0.28234437356392544,0.8459830284118652,0.0719245241334041,0.268044650554657,0.00942746177315712,0.997175931930542,0.6597807473606534,0.9999982416629791,0.818566812409295
DD,HorizontalRes,GCNConv,3,B3,identity,0.8547880252202352,0.9789132475852966,12.0,2372.9005584716797,2372.9005584716797,0.27441008885701496,0.8356775641441345,0.03866532846309599,0.17702187597751617,0.0047492459416389465,0.9354649053679572,0.624615126185947,0.9975165393617418,0.7957432071367899
DD,HorizontalRes,GCNConv,3,B4,identity,1.0792777438958485,1.3056144714355469,18.0,3433.451591491699,3433.451591491699,0.2725936056425174,0.8327093124389648,0.08170534791079936,0.37680602073669434,0.008731919340789318,0.8780967704951763,0.6581190427144369,0.9968980401754379,0.8495417568418715
DD,HorizontalRes,GCNConv,3,B5,identity,1.3024937510490417,1.7725123167037964,24.0,4494.427127838135,4494.427127838135,0.29744569857915243,0.8327367901802063,0.02761545655966708,0.11598623543977737,0.0022544667590409517,0.8047299265861512,0.6002029511663649,0.9736032366752625,0.8558165298567878
DD,HorizontalRes,GCNConv,3,B6,identity,1.5005273501078287,2.253937005996704,30.0,5810.918872833252,5810.918872833252,0.3252929349740346,0.8225061893463135,0.04921019302967649,0.2519071400165558,0.0028747119940817356,0.8494075867864821,0.6430557635095384,0.9940249356958601,0.919225295384725
DD,HorizontalRes,GCNConv,3,B7,identity,1.1907164113862174,1.6669596433639526,36.0,5983.09854888916,5983.09854888916,0.29386360978796366,0.8348384499549866,0.02144904633363088,0.08127497881650925,0.002133285626769066,0.8216160158721768,0.6297803786065843,0.9548608307935753,0.8611115349663628
DD,HorizontalRes,GCNConv,3,B8,identity,1.6129763275384903,2.4140985012054443,42.0,7496.973876953125,7496.973876953125,0.27963558305054903,0.851606547832489,0.04094809391444512,0.20312245190143585,0.002684465842321515,0.7627587597817183,0.6463872989018759,0.9308373145759106,0.7463211880789863
DD,HorizontalRes,GCNConv,4,B1,identity,0.0,0.0,0.0,0.0,0.0,0.0,0.800000011920929,0.14483457850292325,0.4866761863231659,0.0454799123108387,1.0,0.5899728735287985,1.0,0.9706195659107633
DD,HorizontalRes,GCNConv,4,B2,identity,0.21639570593833923,0.21639570593833923,6.0,1322.9423141479492,1322.9423141479492,0.3739227404197057,0.810797929763794,0.024369548757870993,0.08294360339641571,0.005967282690107822,0.9958617091178894,0.7077569895320468,0.9999060183763504,0.9783270623948839
DD,HorizontalRes,GCNConv,4,B3,identity,0.7851067980130514,0.814185619354248,12.0,2609.0590896606445,2609.0590896606445,0.413210133711497,0.8069066405296326,0.03149196645244956,0.11183124035596848,0.004468496423214674,0.9696550832854377,0.6772992081112332,0.9997393687566122,0.9673669073316786
DD,HorizontalRes,GCNConv,4,B4,identity,0.9151822427908579,1.1319847106933594,18.0,3260.141181945801,3260.141181945801,0.35638707131147385,0.8037247657775879,0.01252590002561057,0.06189299002289772,0.0038019877392798662,0.9090448170900345,0.6767698658837212,0.9983554147183895,0.9849270582199097
DD,HorizontalRes,GCNConv,4,B5,identity,1.2135409116744995,1.804943323135376,24.0,4484.07975769043,4484.07975769043,0.3467048486073812,0.8010749220848083,0.007480249034635948,0.04717355594038963,0.0012724249390885234,0.8796802735328675,0.6417998605304294,0.9943110227584839,0.9907615184783936
DD,HorizontalRes,GCNConv,4,B6,identity,1.0913347601890564,1.5202568769454956,30.0,4980.9424476623535,4980.9424476623535,0.2560848688913716,0.8022444248199463,0.014588691980745166,0.07687672972679138,0.002178840572014451,0.847097881966167,0.6002484626240201,0.9958882431189219,0.9963197045856051
DD,HorizontalRes,GCNConv,4,B7,identity,1.51674713407244,1.9225505590438843,36.0,7736.364028930664,7736.364028930664,0.4139238312130883,0.8040570020675659,0.010340639214134879,0.040910545736551285,0.002055148361250758,0.8067258742390847,0.6840772363874648,0.990540401059754,0.9908755222956339
DD,HorizontalRes,GCNConv,4,B8,identity,1.2630513651030404,1.7800869941711426,42.0,7616.358421325684,7616.358421325684,0.35598697264989215,0.8031250238418579,0.009861463228898013,0.07462098449468613,0.002155689522624016,0.7778397593647242,0.6612639625867208,0.995532245375216,0.976571692360772
DD,MatrixRes,GCNConv,0,B1,identity,0.0,0.0,2.0,298.4343490600586,298.4343490600586,0.38907602429389954,0.8040698170661926,0.14485356284098494,0.6537330746650696,0.002739221788942814,0.9999998807907104,0.8147948980331421,1.0,0.8428737454944186
DD,MatrixRes,GCNConv,0,B2,identity,0.16203738749027252,0.16203738749027252,14.0,2851.3056106567383,2851.3056106567383,0.5211780534850227,0.8289589881896973,0.16266680508852005,0.6240617036819458,0.013000322505831718,0.9993446618318558,0.8996525539292229,0.9999859482049942,0.8852924638324313
DD,MatrixRes,GCNConv,0,B3,identity,1.0641113917032878,1.3475972414016724,26.0,4850.338401794434,4850.338401794434,0.42744318787698393,0.8299462795257568,0.09352695578265757,0.41622650623321533,0.009488889016211033,0.9862917794121636,0.9056670599513583,0.9976917306582133,0.8397348192003038
DD,MatrixRes,GCNConv,0,B4,identity,1.5905824899673462,2.293724536895752,38.0,7106.013427734375,7106.013427734375,0.44360468238592143,0.8346319794654846,0.04760666567556284,0.22176416218280792,0.0037822946906089783,0.9672538936138153,0.9052831331888834,0.9723994992673397,0.8205217917760214
DD,MatrixRes,GCNConv,0,B5,identity,1.5027408182621003,2.100969076156616,50.0,8013.365962982178,8013.365962982178,0.37485077672534517,0.8368681073188782,0.14492693103172563,0.6875517964363098,0.008843249641358852,0.9488825321197509,0.9032281769646539,0.9862790560722351,0.8425719738006592
DD,MatrixRes,GCNConv,0,B6,identity,1.7608556270599365,2.718201160430908,62.0,11651.225570678711,11651.225570678711,0.41829281623164816,0.824548065662384,0.06613620137795806,0.29934296011924744,0.004543351475149393,0.9360171655813853,0.8889205985599093,0.9413244310352538,0.838870730664995
DD,MatrixRes,GCNConv,0,B7,identity,2.030096105166844,3.080181837081909,74.0,13605.498001098633,13605.498001098633,0.40406492373773034,0.8447295427322388,0.16395007694760957,0.7849838137626648,0.007118972949683666,0.9302539241557218,0.9087068570984734,0.9526180807425051,0.8494806289672852
DD,MatrixRes,GCNConv,0,B8,identity,2.2044659852981567,3.879666566848755,86.0,16062.606370925903,16062.606370925903,0.42911982677049104,0.834820032119751,0.06052295648145909,0.2913796305656433,0.0024741527158766985,0.9252050463110209,0.9151668945948283,0.9217028571292758,0.8387919929292467
DD,MatrixRes,GCNConv,1,B1,identity,0.0,0.0,2.0,279.31825256347656,279.31825256347656,0.36441226800282794,0.8110581040382385,0.05533396372468107,0.24295319616794586,0.0011826588306576014,1.0000001192092896,0.7580605679088168,1.0,0.9719066884782579
DD,MatrixRes,GCNConv,1,B2,identity,0.1671772599220276,0.1671772599220276,14.0,2804.6611976623535,2804.6611976623535,0.4636643181244533,0.8462057709693909,0.04968715518092116,0.1961953490972519,0.005770330782979727,0.9995281547307968,0.8423363963762919,1.0,0.979988866382175
DD,MatrixRes,GCNConv,1,B3,identity,1.4147645235061646,1.6892558336257935,26.0,5629.0163497924805,5629.0163497924805,0.4855217794577281,0.8273196816444397,0.10802456661171857,0.525126576423645,0.0032485248520970345,0.9859204424752129,0.8729557063844469,0.9999482168091668,0.987653997209337
DD,MatrixRes,GCNConv,1,B4,identity,1.7806394894917805,2.368199586868286,38.0,7987.92094039917,7987.92094039917,0.4388862190975083,0.8270173072814941,0.018191522210583098,0.08187960833311081,5.731263445341028e-05,0.9644523672759533,0.8679738574557834,0.9983823783695698,0.9840639299816556
DD,MatrixRes,GCNConv,1,B5,identity,2.166825759410858,2.9566256999969482,50.0,10038.153846740723,10038.153846740723,0.4380435868766573,0.833602249622345,0.03267986493566158,0.14561377465724945,0.0019113306188955903,0.9419630360603333,0.8508029447661506,0.998533992767334,0.977573937839932
DD,MatrixRes,GCNConv,1,B6,identity,2.3061419248580934,3.413522958755493,62.0,12521.03974533081,12521.03974533081,0.42832210152237504,0.8361095190048218,0.07414672830595802,0.3468996286392212,0.003860184922814369,0.9153669509622786,0.8583538399802314,0.9962445795536041,0.975490027003818
DD,MatrixRes,GCNConv,1,B7,identity,2.1216311000642323,3.202834129333496,74.0,14428.967784881592,14428.967784881592,0.4460258350485847,0.8257313370704651,0.07121693485209511,0.32140904664993286,0.0015543980989605188,0.9334688661049824,0.8748788038889567,0.9951354204391947,0.9351020654042562
DD,MatrixRes,GCNConv,1,B8,identity,2.6458971542971477,4.879659175872803,86.0,16975.438940048218,16975.438940048218,0.4412154612648819,0.8273399472236633,0.055303231930570206,0.30499255657196045,0.0002490409533493221,0.9143984457477927,0.8761723240216573,0.9921527812257409,0.9606992536120944
DD,MatrixRes,GCNConv,2,B1,identity,0.0,0.0,2.0,369.10853576660156,369.10853576660156,0.4567490816116333,0.8080846667289734,0.023899661221851904,0.0745394229888916,0.003270647954195738,1.0,0.8246359758906894,1.0,0.9682205782996284
DD,MatrixRes,GCNConv,2,B2,identity,0.18450161814689636,0.18450161814689636,14.0,2855.128707885742,2855.128707885742,0.592225988705953,0.8068127632141113,0.04520021223773559,0.1450681984424591,0.010227886959910393,0.998975858092308,0.9387786587079366,0.9999544024467468,0.978766487704383
DD,MatrixRes,GCNConv,2,B3,identity,1.2854138016700745,1.5514007806777954,26.0,5999.360122680664,5999.360122680664,0.61370309734786,0.802516758441925,0.06099359263178138,0.21976825594902039,0.004986271727830172,0.9887737168206109,0.935076978471544,0.9989555809232924,0.9705577294031779
DD,MatrixRes,GCNConv,2,B4,identity,1.5953106085459392,2.0777647495269775,38.0,7900.776405334473,7900.776405334473,0.5758438604573409,0.8011090159416199,0.018885512568953412,0.09696463495492935,0.0033848711755126715,0.9699221402406693,0.9369986454645792,0.9954195097088814,0.9747472471661038
DD,MatrixRes,GCNConv,2,B5,identity,1.9741232872009278,3.032400369644165,50.0,9988.622020721436,9988.622020721436,0.5434894223345651,0.8013018369674683,0.014643485298041593,0.07384072989225388,0.0023357097525149584,0.9412156867980958,0.9344127774238586,0.9901577639579773,0.9769108096758524
DD,MatrixRes,GCNConv,2,B6,identity,2.299414618810018,3.270897388458252,62.0,13739.46378326416,13739.46378326416,0.5445011614649383,0.8005854487419128,0.007286158312732975,0.057743463665246964,0.0010787543142214417,0.9168757167127397,0.9325640996297201,0.989560572637452,0.984177033106486
DD,MatrixRes,GCNConv,2,B7,identity,2.131984835579282,3.1024978160858154,74.0,15630.318870544434,15630.318870544434,0.5321259530763778,0.8013321161270142,0.007542712839009861,0.06346254795789719,0.0010222269920632243,0.9151408623675911,0.9245331088701884,0.9865718775865983,0.9830675390031602
DD,MatrixRes,GCNConv,2,B8,identity,2.464704313448497,4.200794696807861,86.0,18653.166805267334,18653.166805267334,0.5428783525195388,0.8008056282997131,0.01860299995442962,0.15487299859523773,0.002435858128592372,0.8955646501854062,0.9117583831151327,0.9770290032029152,0.9684383935398526
DD,MatrixRes,GCNConv,3,B1,identity,0.0,0.0,2.0,288.4962387084961,288.4962387084961,0.398968646923701,0.8152806162834167,0.06196576858767205,0.25436392426490784,0.004199105780571699,1.0000001192092896,0.8064753346972995,1.0,0.8177125189039443
DD,MatrixRes,GCNConv,3,B2,identity,0.2091800570487976,0.2091800570487976,14.0,2853.275390625,2853.275390625,0.529331785109308,0.8195919990539551,0.1054390245427688,0.4163794219493866,0.010372444987297058,0.9988985657691956,0.9094203578101264,0.9999929666519165,0.9207508299085829
DD,MatrixRes,GCNConv,3,B3,identity,1.1730448206265767,1.4951761960983276,26.0,4962.879898071289,4962.879898071289,0.4784052839985601,0.827614426612854,0.11122320259788207,0.5508047938346863,0.00954798236489296,0.9873088796933492,0.9056395822101169,0.9985819922553169,0.8572243054707845
DD,MatrixRes,GCNConv,3,B4,identity,1.6878910660743713,2.4424102306365967,38.0,7557.053958892822,7557.053958892822,0.49054349917504525,0.8263804912567139,0.0952882174126528,0.4634818434715271,0.007935455068945885,0.970976397395134,0.9067556593153212,0.9850413948297501,0.8629724648263719
DD,MatrixRes,GCNConv,3,B5,identity,1.8689225912094116,2.6646504402160645,50.0,9429.812152862549,9429.812152862549,0.44875723560651143,0.8302415609359741,0.026988008758053184,0.11963015049695969,0.0020447031129151583,0.9512616801261902,0.8961098591486613,0.985235047340393,0.8278774089283414
DD,MatrixRes,GCNConv,3,B6,identity,2.163965439796448,3.3808650970458984,62.0,12153.690292358398,12153.690292358398,0.44549178972288417,0.8223894834518433,0.04788185495477265,0.2166372537612915,0.0026353904977440834,0.9172045936187109,0.897742423746321,0.9633732802338071,0.875734269618988
DD,MatrixRes,GCNConv,3,B7,identity,2.030090576126462,3.246887445449829,74.0,13856.197177886963,13856.197177886963,0.421184370654916,0.8240018486976624,0.016017510493596395,0.07450929284095764,0.001633370527997613,0.9192467794126394,0.9034324884414673,0.9806650171474535,0.9073039558198717
DD,MatrixRes,GCNConv,3,B8,identity,2.2884358295372556,4.132763862609863,86.0,16634.019645690918,16634.019645690918,0.46647322407613195,0.8221752643585205,0.04139386058794152,0.20368775725364685,0.0016329280333593488,0.9238864164799452,0.9058020843399895,0.9606914836913347,0.8528998891512553
DD,MatrixRes,GCNConv,4,B1,identity,0.0,0.0,2.0,366.57220458984375,366.57220458984375,0.48032136758168537,0.8107976317405701,0.06699675833806396,0.24855370819568634,0.0028276308439671993,0.9999999403953552,0.8344437016381158,1.0,0.9758333894941542
DD,MatrixRes,GCNConv,4,B2,identity,0.193912535905838,0.193912535905838,14.0,2813.035469055176,2813.035469055176,0.5857892781496048,0.8095937967300415,0.03475977731868625,0.1155054122209549,0.007341478485614061,0.9989648908376694,0.9327257672945658,0.9999812841415405,0.9867294099595811
DD,MatrixRes,GCNConv,4,B3,identity,1.5490779876708984,1.802925705909729,26.0,6517.728080749512,6517.728080749512,0.6611519047507534,0.8027667999267578,0.06782737287825771,0.2506014108657837,0.002109245862811804,0.9891174634297689,0.9197809166378446,0.9992255833413866,0.9659366144074334
DD,MatrixRes,GCNConv,4,B4,identity,1.630868375301361,2.1592912673950195,38.0,7450.645938873291,7450.645938873291,0.5525167704456383,0.8033170104026794,0.016960865886950935,0.09857544302940369,0.0028979864437133074,0.9619819112122059,0.9336888194084167,0.9971578381955624,0.9775282939275106
DD,MatrixRes,GCNConv,4,B5,identity,1.9896881580352783,2.92627215385437,50.0,9781.111724853516,9781.111724853516,0.560801868836085,0.8002238273620605,0.015669812906928586,0.07184308767318726,0.002914333948865533,0.9414820003509522,0.9378400709893968,0.9890580248832702,0.979624695248074
DD,MatrixRes,GCNConv,4,B6,identity,1.7626044114430746,2.7142741680145264,62.0,10700.8794631958,10700.8794631958,0.4921985624013123,0.7995867729187012,0.015526498518645382,0.0693092867732048,0.002012206707149744,0.9251202891270319,0.9261404408348931,0.9930857717990875,0.9895283050007291
DD,MatrixRes,GCNConv,4,B7,identity,2.062388701098306,3.067629814147949,74.0,14560.927810668945,14560.927810668945,0.5551613735774207,0.7984141111373901,0.021306584092477956,0.1405460685491562,0.0034094599541276693,0.919051529193411,0.9421907464663187,0.9848872106902453,0.9803309705522325
DD,MatrixRes,GCNConv,4,B8,identity,2.0354102786098207,3.268434762954712,86.0,16118.762294769287,16118.762294769287,0.5421287929432259,0.8008230924606323,0.009270077904540241,0.05966886878013611,0.001261542085558176,0.9056432200595737,0.9296292199028863,0.9834837866947055,0.9755105972290039
DD,MatrixResGated,GCNConv,0,B1,sparse,0.0,0.0,2.0,300.2657012939453,194.8350601196289,0.22027573982874551,0.8349041938781738,0.19140436506778416,0.8911229968070984,0.0005557244876399636,1.0,0.7620440589057075,1.0,0.8629141648610433
DD,MatrixResGated,GCNConv,0,B2,sparse,0.2129395455121994,0.2129395455121994,14.0,2473.655586242676,1805.2916831970215,0.2731895065969891,0.8534460067749023,0.12532921706636746,0.4767833650112152,0.01100463792681694,0.997206062078476,0.8837385045157539,0.9998870193958282,0.8524993393156264
DD,MatrixResGated,GCNConv,0,B3,sparse,0.697151799996694,0.7096419930458069,26.0,4502.272125244141,3385.8784370422363,0.2271542336101885,0.842203676700592,0.12744585801625535,0.5638354420661926,0.011684331111609936,0.9720498654577467,0.850078284740448,0.9936263627476163,0.8445080253813002
DD,MatrixResGated,GCNConv,0,B4,sparse,0.9845850467681885,1.3219367265701294,38.0,6564.123031616211,4844.866668701172,0.25077462585435967,0.8350512385368347,0.08654080778015433,0.3950940668582916,0.00675565842539072,0.9599960036575794,0.8639396958880954,0.9727375507354736,0.8637933731079102
DD,MatrixResGated,GCNConv,0,B5,sparse,1.2152820825576782,1.5984883308410645,50.0,8348.014129638672,6296.827096939087,0.20721797830528682,0.8601149320602417,0.06166525269773873,0.2907409071922302,0.0038882363587617874,0.9060163497924805,0.8561550312572055,0.9075279068946839,0.8081605898009406
DD,MatrixResGated,GCNConv,0,B6,sparse,1.3441937168439229,2.1698131561279297,62.0,10508.141674041748,7949.2510623931885,0.2083358320373076,0.8719269633293152,0.05443405715796428,0.2615897059440613,0.003149010706692934,0.9080049643913904,0.8633342716428969,0.8709654659032822,0.824791881773207
DD,MatrixResGated,GCNConv,0,B7,sparse,1.3848877946535747,2.4877254962921143,74.0,12458.576377868652,9426.505475997925,0.2052882305331646,0.8724591135978699,0.12019953895360232,0.6332310438156128,0.00438210554420948,0.9147098928081746,0.8733573092354668,0.8746373592590799,0.8543910913997226
DD,MatrixResGated,GCNConv,0,B8,sparse,1.4190403414624078,2.518704652786255,86.0,14631.284622192383,11062.981842041016,0.21235917463070816,0.8480662107467651,0.053843705230118596,0.2967861294746399,0.0023527664598077536,0.8845402328297496,0.8727494279543558,0.8155589131638408,0.880801154507531
DD,MatrixResGated,GCNConv,1,B1,sparse,0.0,0.0,2.0,281.3920135498047,189.16525650024414,0.1867991437514623,0.8310351967811584,0.08319842286356208,0.38618800044059753,0.0008640148444101214,1.0,0.6915854414304098,1.000000238418579,0.9644941886266073
DD,MatrixResGated,GCNConv,1,B2,sparse,0.24694591760635376,0.24694591760635376,14.0,2473.63321685791,1842.9395599365234,0.2647528019216326,0.8501087427139282,0.06086206197505817,0.24303166568279266,0.00023429986322298646,0.998188704252243,0.8183589776357015,0.9999947398900986,0.9801075524753995
DD,MatrixResGated,GCNConv,1,B3,sparse,0.9002745747566223,1.0195690393447876,26.0,5167.3967208862305,3980.695568084717,0.2732249869240655,0.8407800197601318,0.11152940482965537,0.4858112037181854,0.0009559756144881248,0.9815078841315376,0.8337896532482572,0.9997789727316962,0.9674173593521118
DD,MatrixResGated,GCNConv,1,B4,sparse,1.2992857495943706,1.7039443254470825,38.0,7436.580192565918,5734.942939758301,0.2687127201507489,0.8377742171287537,0.01402763565527965,0.05906188488006592,0.0009338870295323431,0.9539389684796333,0.8260081873999702,0.9991084784269333,0.9713018602795072
DD,MatrixResGated,GCNConv,1,B5,sparse,1.5176493227481842,2.294926643371582,50.0,9368.67798614502,7208.775291442871,0.24938301003641555,0.8515729308128357,0.06330642849912471,0.3249192535877228,0.0026111609768122435,0.9453989219665527,0.813542041513655,0.9956567072868348,0.9319964382383559
DD,MatrixResGated,GCNConv,1,B6,sparse,1.3619632562001547,2.027017116546631,62.0,10701.805164337158,8228.102727890015,0.21602702557488726,0.8497613668441772,0.03081216579840447,0.1482008397579193,0.0015394150977954268,0.9238471355703142,0.8104358116785685,0.9934616370333565,0.9019498758845859
DD,MatrixResGated,GCNConv,1,B7,sparse,1.6098610957463582,2.5931060314178467,74.0,13170.60865020752,10016.510246276855,0.23835590783329236,0.8430230617523193,0.03555384961526013,0.19046759605407715,0.001695112674497068,0.9321492241353405,0.8228241205215454,0.993015351344128,0.8754722409778171
DD,MatrixResGated,GCNConv,1,B8,sparse,1.6614733785390854,2.825611114501953,86.0,15311.351287841797,11675.348518371582,0.23558914456516508,0.8403189182281494,0.05109241882832173,0.27473706007003784,0.002376626245677471,0.8914042180404067,0.8320764303207397,0.9765625316649675,0.842923899491628
DD,MatrixResGated,GCNConv,2,B1,sparse,0.0,0.0,2.0,364.8055114746094,242.2915267944336,0.2607032557328542,0.8093203902244568,0.021402470198356442,0.05319802835583687,0.002301205415278673,1.0,0.7766523361206055,1.0,0.9612871342235141
DD,MatrixResGated,GCNConv,2,B2,sparse,0.29521432518959045,0.29521432518959045,14.0,2643.8946380615234,1825.1903953552246,0.35686250858836704,0.8110902905464172,0.023528666856388252,0.06712819635868073,0.004919216502457857,0.9937118887901306,0.890837914413876,0.9999394714832306,0.9717617895868089
DD,MatrixResGated,GCNConv,2,B3,sparse,0.7112614313761393,0.756284773349762,26.0,5092.353439331055,3713.578342437744,0.3111188878063802,0.8084375262260437,0.02492938538835872,0.08843744546175003,0.004915475379675627,0.9723130067189535,0.8732093771298727,0.997779819700453,0.9688182804319594
DD,MatrixResGated,GCNConv,2,B4,sparse,1.3170259296894073,1.777185320854187,38.0,7863.654258728027,5602.388710021973,0.371910593079196,0.8055944442749023,0.03659965225529892,0.1478910744190216,0.004807312972843647,0.9276545643806458,0.8822157515419854,0.9829140976071358,0.9607966012424893
DD,MatrixResGated,GCNConv,2,B5,sparse,1.2620848715305328,2.037724494934082,50.0,9090.25080871582,6427.034908294678,0.30390135212077035,0.8083560466766357,0.02082178045318208,0.08377103507518768,0.003182649612426758,0.9277401757240296,0.8623603781064352,0.9851022744178772,0.9611505402459039
DD,MatrixResGated,GCNConv,2,B6,sparse,1.2903438766797384,1.9922813177108765,62.0,10674.641624450684,7551.179159164429,0.2694632691089754,0.8111211657524109,0.01091727240679738,0.0530259869992733,0.0010938005289062858,0.8775638557142682,0.8616146710183885,0.980962849325604,0.9680865340762668
DD,MatrixResGated,GCNConv,2,B7,sparse,1.578055012793768,2.1674344539642334,74.0,14666.859901428223,10361.368167877197,0.3542875039435568,0.8036598563194275,0.007941553166084405,0.04418925568461418,0.0006191003485582769,0.8740430644580296,0.9006198114818997,0.9706341344483045,0.9606667889489068
DD,MatrixResGated,GCNConv,2,B8,sparse,1.6887302568980627,2.741144895553589,86.0,16370.874145507812,11990.68388748169,0.2843615704733465,0.8077247142791748,0.007601824575377738,0.04162728786468506,0.0008832416497170925,0.8230087058618665,0.8896382119920518,0.9539458053186536,0.96552398469713
DD,MatrixResGated,GCNConv,3,B1,sparse,0.0,0.0,2.0,311.68121337890625,206.16466522216797,0.2296437124411265,0.8239069581031799,0.0656071251982616,0.2821151614189148,0.0020632208324968815,0.9999999403953552,0.7579203512933519,1.0,0.9023813803990682
DD,MatrixResGated,GCNConv,3,B2,sparse,0.24531085789203644,0.24531085789203644,14.0,2453.9670181274414,1778.8594665527344,0.28478210502200657,0.8565651178359985,0.14472621170183023,0.5714404582977295,0.01567014865577221,0.9963241219520569,0.8777392241689894,0.9998548924922943,0.8212766183747185
DD,MatrixResGated,GCNConv,3,B3,sparse,0.7645005981127421,0.8098421096801758,26.0,4543.103477478027,3383.267059326172,0.25212755379853424,0.8373282551765442,0.038806858960361706,0.1664210855960846,0.004818785469979048,0.9694128433863322,0.8472877674632602,0.993868907292684,0.8494338525666131
DD,MatrixResGated,GCNConv,3,B4,sparse,1.1112839182217915,1.4035873413085938,38.0,7123.963394165039,5359.0861167907715,0.2757012811799844,0.8351631164550781,0.02333775661126883,0.1073499247431755,0.0024675698950886726,0.9490998163819313,0.8722883992724948,0.9848149307072163,0.8779475490252177
DD,MatrixResGated,GCNConv,3,B5,sparse,1.3370562136173247,1.962167501449585,50.0,8777.789512634277,6576.862552642822,0.24684647954172562,0.8393308520317078,0.09111990308332624,0.4281751215457916,0.005801679566502571,0.920719678401947,0.8485271864467197,0.914040162563324,0.807400213347541
DD,MatrixResGated,GCNConv,3,B6,sparse,1.0427208145459492,1.519379734992981,62.0,9485.021713256836,6824.2310218811035,0.2263452628972354,0.8323603272438049,0.024134914444099802,0.11444160342216492,3.820993879344314e-05,0.9047253413332833,0.8698912196689181,0.9438539892435074,0.9170115987459818
DD,MatrixResGated,GCNConv,3,B7,sparse,1.42292735122499,2.253232955932617,74.0,12898.672149658203,9691.664596557617,0.23564171488322905,0.845294177532196,0.015991428706588016,0.0680200606584549,0.0013807835057377815,0.8981117971089422,0.8872709340519376,0.918056033095535,0.9093753298123678
DD,MatrixResGated,GCNConv,3,B8,sparse,1.5945388759885515,2.7731590270996094,86.0,15696.774055480957,11804.964241027832,0.2599120342276162,0.8381301760673523,0.018551370312172154,0.09032250195741653,0.0004768023791257292,0.889603627845645,0.8735447194841173,0.8991479715332389,0.879644493261973
DD,MatrixResGated,GCNConv,4,B1,sparse,0.0,0.0,2.0,366.75770568847656,246.75889587402344,0.2788017491499583,0.811543881893158,0.04902725336917987,0.20595446228981018,0.0008747606771066785,0.9999999403953552,0.7919887105623881,1.0,0.9728115399678549
DD,MatrixResGated,GCNConv,4,B2,sparse,0.3364222049713135,0.3364222049713135,14.0,2507.5720443725586,1755.5989799499512,0.3389221280813217,0.8089380264282227,0.03488194774836302,0.1041964441537857,0.01050692331045866,0.9916324615478516,0.8859289884567261,0.9999720305204391,0.9751936594645182
DD,MatrixResGated,GCNConv,4,B3,sparse,0.9570237199465433,0.9985864758491516,26.0,5515.323196411133,4043.9621047973633,0.37990282282785137,0.8058779239654541,0.015945559544932274,0.049584079533815384,0.0030715337488800287,0.9708238442738851,0.8682254089249505,0.9986584848827786,0.9674815800454881
DD,MatrixResGated,GCNConv,4,B4,sparse,1.3613144755363464,1.7956830263137817,38.0,7567.535942077637,5409.403667449951,0.3762742462671466,0.8044455647468567,0.030416349052555032,0.10960592329502106,0.007053621578961611,0.921260379254818,0.8813019726011488,0.9878495708107948,0.9622742070092095
DD,MatrixResGated,GCNConv,4,B5,sparse,1.182214230298996,1.936694622039795,50.0,8184.111831665039,5586.406890869141,0.3069143856234021,0.8044419288635254,0.017570084426552057,0.08874727040529251,0.0020548803731799126,0.8996081638336182,0.8457271589173211,0.9816249203681946,0.9580760796864828
DD,MatrixResGated,GCNConv,4,B6,sparse,1.3286703864733378,2.027827501296997,62.0,10410.387069702148,7225.119556427002,0.30063884743937735,0.8065634369850159,0.020170284199337356,0.09609518945217133,0.0018158095190301538,0.8896971262163587,0.8829978240860833,0.9864958673715591,0.964942647351159
DD,MatrixResGated,GCNConv,4,B7,sparse,1.65971230892908,2.4904119968414307,74.0,14532.911819458008,10391.655666351318,0.3624948567814297,0.8033183217048645,0.02118338829216858,0.07846924662590027,0.0025217330548912287,0.879616700873083,0.8901297781202528,0.970743367866594,0.9566012952062819
DD,MatrixResGated,GCNConv,4,B8,sparse,1.3307215762989861,2.050720691680908,86.0,14225.695419311523,9972.014953613281,0.2842403040577968,0.8053764700889587,0.015338941452129945,0.06339140236377716,0.0016376698622480035,0.8436344536021352,0.8960627184973823,0.9597610784694552,0.9693415628539191
DD,Plain,GCNConv,0,B3,identity,1.1659163037935893,1.3524341583251953,0.0,0.0,0.0,0.0,0.800000011920929,0.10906348177231848,0.5068482160568237,0.009823830798268318,0.5334497690200806,0.574999729792277,0.6364972061581082,0.7670892344580756
DD,Plain,GCNConv,1,B3,identity,1.0793409148852031,1.1926243305206299,0.0,0.0,0.0,0.0,0.800000011920929,0.016713610745500772,0.07951583713293076,0.0021021931897848845,0.6600053376621671,0.5855817529890273,0.7625524997711182,0.6613369335730871
DD,Plain,GCNConv,2,B3,identity,0.5176774164040884,0.6003319025039673,0.0,0.0,0.0,0.0,0.800000011920929,0.012014407245442272,0.03812737762928009,0.002545452443882823,0.7980727752049764,0.6033479637569852,0.9870022137959799,0.9608447949091593
DD,Plain,GCNConv,3,B3,identity,0.9768628080685934,1.274129033088684,0.0,0.0,0.0,0.0,0.800000011920929,0.02556841015466489,0.09707538038492203,0.0019245668081566691,0.6495345963372124,0.6140370104047987,0.8648911449644301,0.7807212471961975
DD,Plain,GCNConv,4,B3,identity,1.316028654575348,1.7691055536270142,0.0,0.0,0.0,0.0,0.800000011920929,0.009175285021774471,0.03520641103386879,0.0026232965756207705,0.8183996544943916,0.6265450914700826,0.9897890090942383,0.9748173952102661
DD,VerticalRes,GCNConv,0,B3,identity,1.551825761795044,1.5603433847427368,6.0,690.4787063598633,690.4787063598633,0.2385498599873649,0.8557965159416199,0.05757760072481774,0.27285683155059814,0.002568639349192381,0.5820629596710205,0.7508809831407335,0.6698673466841379,0.8638017442491319
DD,VerticalRes,GCNConv,1,B3,identity,1.360011100769043,1.572042465209961,6.0,804.6208038330078,804.6208038330078,0.27977142731348675,0.831331193447113,0.04842310299586859,0.21660850942134857,0.0018929472425952554,0.6964358819855584,0.7423809170722961,0.7663846347067091,0.7876022789213393
DD,VerticalRes,GCNConv,2,B3,identity,1.144177496433258,1.449524998664856,6.0,958.1712951660156,958.1712951660156,0.40410636862119037,0.8067951798439026,0.020112784912011454,0.10904382914304733,0.003309744643047452,0.8133179744084676,0.8364773392677307,0.9814396699269613,0.9699820412529839
DD,VerticalRes,GCNConv,3,B3,identity,1.2059516509373982,1.244717001914978,6.0,745.5616302490234,745.5616302490234,0.2534894479645623,0.8388698697090149,0.029404444010218696,0.10697878152132034,0.001325052697211504,0.634571717845069,0.7158671352598402,0.7912389702267117,0.8523801498942905
DD,VerticalRes,GCNConv,4,B3,identity,1.94051327308019,2.4900176525115967,6.0,1130.4848861694336,1130.4848861694336,0.3856482472684648,0.8153140544891357,0.008573694071466369,0.046070992946624756,0.0013272619107738137,0.7597620553440518,0.799483405219184,0.9903086490101285,0.9756178988350762
ENZYMES,HorizontalRes,GCNConv,0,B3,identity,0.4263512392838796,0.48655828833580017,16.0,573.311372756958,573.311372756958,0.3775861809651057,0.79715895652771,0.007791366385020039,0.022531479597091675,0.0013450609985738993,0.9336857000986735,0.5275340676307678,0.9847950008180406,0.9708184450864792
ENZYMES,HorizontalRes,GCNConv,1,B3,identity,1.0468888680140178,1.2965176105499268,16.0,905.3331241607666,905.3331241607666,0.23701958544552326,0.7930039167404175,0.044970553126876,0.17109765112400055,0.00990392081439495,0.9109227922227647,0.4917394854128361,0.91513991355896,0.9138094857335091
ENZYMES,HorizontalRes,GCNConv,2,B3,identity,0.729780117670695,0.8325097560882568,16.0,825.719181060791,825.719181060791,0.2249463809033235,0.811464250087738,0.0773371606030398,0.257642537355423,0.010161928832530975,0.9460287623935275,0.4878369867801666,0.9871169858508639,0.8275410123169422
ENZYMES,HorizontalRes,GCNConv,3,B3,identity,1.191458781560262,1.3890647888183594,16.0,1014.8219203948975,1014.8219203948975,0.2303309297809998,0.8008569478988647,0.10242611704463209,0.47344380617141724,0.011009187437593937,0.9166148371166654,0.48132549598813057,0.9915265242258707,0.9247174374759197
ENZYMES,HorizontalRes,GCNConv,4,B3,identity,0.9439837137858073,1.0849794149398804,16.0,965.3716850280762,965.3716850280762,0.25602727693816024,0.7978224158287048,0.054688601892579486,0.17731617391109467,0.011217803694307804,0.9401872356732687,0.5124406144022942,0.9942790733443366,0.9054035134613514
ENZYMES,MatrixRes,GCNConv,0,B3,identity,3.0137596925099692,3.7113656997680664,37.0,4137.54828453064,4137.54828453064,0.571159486224254,0.7942251563072205,0.07274885670092233,0.642763078212738,0.0003244926920160651,0.9918315807978312,0.9359605647623539,0.998926924334632,0.9769440293312073
ENZYMES,MatrixRes,GCNConv,1,B3,identity,1.6225277582804363,1.7662842273712158,37.0,2418.048592567444,2418.048592567444,0.34417877967158955,0.7881515026092529,0.09413886053004751,0.3286358714103699,0.01026685256510973,0.9776430527369181,0.8557755462825298,0.9984920289781358,0.893417477607727
ENZYMES,MatrixRes,GCNConv,2,B3,identity,1.1535433133443196,1.3412812948226929,37.0,1889.7949438095093,1889.7949438095093,0.40525363282197047,0.7895032167434692,0.042952365811086364,0.16350461542606354,0.005129610653966665,0.9878206849098206,0.8910909630358219,0.9983844624625312,0.9329651072621346
ENZYMES,MatrixRes,GCNConv,3,B3,identity,1.6459943056106567,1.902845859527588,37.0,2475.548065185547,2475.548065185547,0.3067781762530406,0.7872553467750549,0.12096002266776783,0.9076246023178101,0.005677457433193922,0.9742093020015292,0.8199585601687431,0.9997102618217468,0.9550466388463974
ENZYMES,MatrixRes,GCNConv,4,B3,identity,1.421208421389262,1.6304265260696411,37.0,2570.6232986450195,2570.6232986450195,0.3966546418352259,0.7890850305557251,0.0887230287168037,0.3034689724445343,0.005892809480428696,0.9846024182107713,0.8928984776139259,0.9958392514122857,0.9623201116919518
ENZYMES,MatrixResGated,GCNConv,0,B3,sparse,1.409268856048584,1.649351716041565,37.0,2569.845760345459,2099.2023973464966,0.3993589124745793,0.7945109605789185,0.040767648360795446,0.232750803232193,0.00789708737283945,0.9852039747767978,0.9222546219825745,0.9986691210005019,0.9594044014811516
ENZYMES,MatrixResGated,GCNConv,1,B3,sparse,1.1629750728607178,1.2523852586746216,37.0,2212.94718170166,1844.0944089889526,0.25811662698785465,0.7972964644432068,0.08231521280551399,0.2523129880428314,0.008307102136313915,0.9787744217448764,0.817326258867979,0.998344726032681,0.9095830619335175
ENZYMES,MatrixResGated,GCNConv,2,B3,sparse,0.837708055973053,0.895058274269104,37.0,1765.557502746582,1388.4983224868774,0.2458746190286345,0.7941091060638428,0.046808142887635365,0.1393381953239441,0.005856419913470745,0.977341439988878,0.8292228244245052,0.9980019066068861,0.9140333756804466
ENZYMES,MatrixResGated,GCNConv,3,B3,sparse,1.3810151815414429,1.4211901426315308,37.0,2416.490659713745,2140.756245613098,0.18763849101960658,0.8031732439994812,0.15039976417190498,1.0945936441421509,0.006154520902782679,0.9754558602968851,0.7554917931556702,0.999770442644755,0.8995317220687866
ENZYMES,MatrixResGated,GCNConv,4,B3,sparse,1.024871329466502,1.1109439134597778,37.0,2433.3293628692627,2086.4209308624268,0.2489075756321351,0.7969545125961304,0.08157027354119001,0.28068551421165466,0.007169901393353939,0.9803577926423814,0.8226361609995365,0.998760806189643,0.9234289452433586
ENZYMES,Plain,GCNConv,0,B3,identity,0.34112998843193054,0.37839001417160034,0.0,0.0,0.0,0.0,0.800000011920929,0.0033911909782685912,0.01609434001147747,0.0010652561904862523,0.5873423549864027,0.47182164806872606,0.9885740809970431,0.97171725705266
ENZYMES,Plain,GCNConv,1,B3,identity,2.134157578150431,2.6349568367004395,0.0,0.0,0.0,0.0,0.800000011920929,0.028350760569222845,0.1311063915491104,0.006094785872846842,0.5592954887284173,0.4501711502671242,0.5099315378401015,0.8643010333180428
ENZYMES,Plain,GCNConv,2,B3,identity,1.7885542313257854,2.286447048187256,0.0,0.0,0.0,0.0,0.800000011920929,0.024240326781112414,0.07794488966464996,0.006133028771728277,0.5514912870195177,0.4755665995180607,0.5896298504538007,0.8083698786795139
ENZYMES,Plain,GCNConv,3,B3,identity,2.789018233617147,3.025487184524536,0.0,0.0,0.0,0.0,0.800000011920929,0.043261767365038395,0.21406668424606323,0.0036218813620507717,0.40762339449591106,0.4238776434212923,0.6925052669313219,0.9639667756855488
ENZYMES,Plain,GCNConv,4,B3,identity,2.009531259536743,2.4092366695404053,0.0,0.0,0.0,0.0,0.800000011920929,0.04778064540229165,0.13134197890758514,0.009001285769045353,0.6406491928630405,0.5091165527701378,0.7239715953667959,0.9218089021742344
ENZYMES,VerticalRes,GCNConv,0,B3,identity,0.9244590202967325,1.0110628604888916,9.0,454.7928886413574,454.7928886413574,0.4736020788550377,0.7968959212303162,0.006303365118111725,0.031014684587717056,0.00045456294901669025,0.7608798344930013,0.8441674970090389,0.9193282988336351,0.9890427403151989
ENZYMES,VerticalRes,GCNConv,1,B3,identity,2.0285143852233887,2.118851661682129,9.0,532.6488800048828,532.6488800048828,0.36129863808552426,0.7856978178024292,0.0306954776212849,0.1537070870399475,0.006340362597256899,0.6884491840998331,0.7468345835804939,0.6477694246504042,0.9023252464830875
ENZYMES,VerticalRes,GCNConv,2,B3,identity,1.3358275095621746,1.4933335781097412,9.0,406.85327339172363,406.85327339172363,0.3239343911409378,0.7888248562812805,0.020237915666291007,0.06633693724870682,0.005364651326090097,0.7211373051007589,0.7660459913313389,0.7490278283754984,0.9180863425135612
ENZYMES,VerticalRes,GCNConv,3,B3,identity,2.027857263882955,2.5965778827667236,9.0,431.2093620300293,431.2093620300293,0.256710567822059,0.7888501286506653,0.04538693133293203,0.2942812740802765,0.0037792182993143797,0.7283468312687345,0.7263451889157295,0.9381345510482788,0.941777229309082
ENZYMES,VerticalRes,GCNConv,4,B3,identity,1.8753019571304321,1.9416455030441284,9.0,533.6427726745605,533.6427726745605,0.36385783056418103,0.7912336587905884,0.032975777673224606,0.12187285721302032,0.004866167437285185,0.6828284197383456,0.7445309497416019,0.6896797749731276,0.9125684425234795
PROTEINS,HorizontalRes,GCNConv,0,B1,identity,0.0,0.0,0.0,0.0,0.0,0.0,0.800000011920929,0.04240154805593192,0.11889608204364777,0.001962889451533556,0.9999999403953552,0.47775071673095226,1.0,0.7090898025780916
PROTEINS,HorizontalRes,GCNConv,0,B2,identity,0.2406240850687027,0.2406240850687027,8.0,539.2734642028809,539.2734642028809,0.24960527569055557,0.7825525999069214,0.030785704301180022,0.060466375201940536,0.0074705868028104305,0.9911819100379944,0.5057764574885368,0.9993638098239899,0.7005633227527142
PROTEINS,HorizontalRes,GCNConv,0,B3,identity,0.9991867343584696,1.205348014831543,16.0,1209.9804801940918,1209.9804801940918,0.24553456405798593,0.7866300344467163,0.05322796002858215,0.11713308840990067,0.012190372683107853,0.9197729031244913,0.4647289700806141,0.9680309693018595,0.764542892575264
PROTEINS,HorizontalRes,GCNConv,0,B4,identity,1.2763392229874928,1.8971439599990845,24.0,1663.6010818481445,1663.6010818481445,0.24823213182389736,0.788964033126831,0.0240352997955467,0.06743039190769196,0.0019948692061007023,0.8394352272152901,0.4892749600112438,0.9626906663179398,0.6779167298227549
PROTEINS,HorizontalRes,GCNConv,0,B5,identity,1.3372137665748596,2.2007153034210205,32.0,2138.5472373962402,2138.5472373962402,0.23533945102244616,0.7823439836502075,0.02263767820739642,0.07005984336137772,0.003248566994443536,0.804876651763916,0.496511522680521,0.9538010096549988,0.7607326190918684
PROTEINS,HorizontalRes,GCNConv,0,B6,identity,1.1911092797915142,1.6470777988433838,40.0,2535.597526550293,2535.597526550293,0.255119772007068,0.7888785600662231,0.030037267558167085,0.07577326893806458,0.0026089593302458525,0.7502863473362393,0.46737793274223804,0.8441834814018674,0.6582035226747394
PROTEINS,HorizontalRes,GCNConv,0,B7,identity,1.4342557276998247,2.3610408306121826,48.0,3110.728479385376,3110.728479385376,0.2428701493356909,0.7845707535743713,0.01353791689350254,0.059630244970321655,0.0012459165882319212,0.7535000127189013,0.48364044912159443,0.9332307418998407,0.7959348149597645
PROTEINS,HorizontalRes,GCNConv,0,B8,identity,1.780128296996866,3.1074583530426025,56.0,3297.9779629707336,3297.9779629707336,0.21057786245364696,0.7844915986061096,0.010623688809465053,0.0646892860531807,0.00010795173147926107,0.6373832821846008,0.4505637250840664,0.8473132508806884,0.7123528327792883
PROTEINS,HorizontalRes,GCNConv,1,B1,identity,0.0,0.0,0.0,0.0,0.0,0.0,0.800000011920929,0.023678640322759747,0.08525881916284561,0.006345734465867281,1.0,0.42791246995329857,1.0,0.6871133963577449
PROTEINS,HorizontalRes,GCNConv,1,B2,identity,0.2313404232263565,0.2313404232263565,8.0,496.9839897155762,496.9839897155762,0.30733315646648407,0.7887106537818909,0.02519376865146976,0.06213357299566269,0.006219414062798023,0.9930533915758133,0.522204052656889,0.9999962449073792,0.6599280871450901
PROTEINS,HorizontalRes,GCNConv,1,B3,identity,0.6474949022134145,0.7528652548789978,16.0,828.9880752563477,828.9880752563477,0.23021627931545177,0.785150408744812,0.014045459959931948,0.03572190925478935,0.0043273260816931725,0.9319567481676737,0.44197856821119785,0.9974697497155931,0.6814262541010976
PROTEINS,HorizontalRes,GCNConv,1,B4,identity,1.0630295475323994,1.4082458019256592,24.0,1447.0159225463867,1447.0159225463867,0.25031711626797915,0.7918722033500671,0.019403171931792584,0.04349137842655182,0.0037409921642392874,0.85028887540102,0.44988489151000977,0.9921183213591576,0.6741486955434084
PROTEINS,HorizontalRes,GCNConv,1,B5,identity,1.2208698749542237,1.9187325239181519,32.0,1963.760051727295,1963.760051727295,0.23785040713846684,0.7877547144889832,0.012463306959415244,0.03482525050640106,0.002488628728315234,0.7669015049934387,0.45165819860994816,0.7288646543025971,0.8150475211441517
PROTEINS,HorizontalRes,GCNConv,1,B6,identity,1.3852132916450501,1.9567214250564575,40.0,2403.8490467071533,2403.8490467071533,0.25638777390122414,0.7875648140907288,0.00924287477562971,0.02817867323756218,0.000949013396166265,0.7668096439705955,0.46358597464859486,0.9593239194817014,0.7194034196436405
PROTEINS,HorizontalRes,GCNConv,1,B7,identity,1.6574869326182775,2.780414342880249,48.0,3024.017134666443,3024.017134666443,0.22604530876768486,0.7864639759063721,0.008538051029880358,0.038061123341321945,0.0008874128689058125,0.702570836154782,0.47005328349769115,0.9472602046265894,0.7259220834821463
PROTEINS,HorizontalRes,GCNConv,1,B8,identity,1.3749542853661947,2.278536796569824,56.0,3200.290620803833,3200.290620803833,0.26939242030493915,0.7908840179443359,0.010537319208509218,0.037140678614377975,0.0004356158897280693,0.7576784947887063,0.49351396039128304,0.9777926057577133,0.6657064268365502
PROTEINS,HorizontalRes,GCNConv,2,B1,identity,0.0,0.0,0.0,0.0,0.0,0.0,0.800000011920929,0.019731730874627828,0.036721520125865936,0.008399320766329765,0.9999998807907104,0.4539099372923374,1.0,0.726819084957242
PROTEINS,HorizontalRes,GCNConv,2,B2,identity,0.21399086713790894,0.21399086713790894,8.0,606.0243110656738,606.0243110656738,0.2912190854549408,0.7937213778495789,0.029705624218638007,0.08010174334049225,0.005341953597962856,0.9964050203561783,0.48777307383716106,0.9999707341194153,0.703262573108077
PROTEINS,HorizontalRes,GCNConv,2,B3,identity,0.7742027441660563,0.9336941838264465,16.0,1027.8265285491943,1027.8265285491943,0.22761034624030194,0.7878905534744263,0.011691182623272416,0.02880781516432762,0.0010036892490461469,0.9147379000981649,0.4711873531341553,0.9995575613445706,0.7010139506310225
PROTEINS,HorizontalRes,GCNConv,2,B4,identity,1.0759976506233215,1.3592288494110107,24.0,1662.8715476989746,1662.8715476989746,0.22954958328045905,0.7904877662658691,0.011278424651495048,0.028458571061491966,0.002926173619925976,0.8420062772929668,0.4905911646783352,0.9719966650009155,0.7480765171349049
PROTEINS,HorizontalRes,GCNConv,2,B5,identity,1.0216526687145233,1.5055774450302124,32.0,2104.6953468322754,2104.6953468322754,0.23045971244573593,0.7854768633842468,0.008145547639795168,0.06730726361274719,0.0020490519236773252,0.848924171924591,0.45978419203311205,0.9317150378227234,0.7671857625246048
PROTEINS,HorizontalRes,GCNConv,2,B6,identity,1.299628249804179,1.8071215152740479,40.0,2747.1783027648926,2747.1783027648926,0.2506698591945072,0.7898510098457336,0.007817857502731403,0.028756482526659966,0.0005955697852186859,0.7820950630638335,0.45538910292088985,0.9775370409091314,0.7478188425302505
PROTEINS,HorizontalRes,GCNConv,2,B7,identity,1.4229154700324649,2.356138229370117,48.0,3079.150192260742,3079.150192260742,0.2388195799929755,0.7862791419029236,0.007197100708608405,0.04201727733016014,0.00021085311891511083,0.7546106710725901,0.46787477657198906,0.9793519353380009,0.7612073794007301
PROTEINS,HorizontalRes,GCNConv,2,B8,identity,1.4545620552131109,2.080087661743164,56.0,3729.201473236084,3729.201473236084,0.2445705938152969,0.7887002229690552,0.00659568537697335,0.028101062402129173,0.0007741320296190679,0.7906539076939225,0.4529421925544739,0.9509124038740993,0.7818183861672878
PROTEINS,HorizontalRes,GCNConv,3,B1,identity,0.0,0.0,0.0,0.0,0.0,0.0,0.800000011920929,0.049607768468558786,0.11062683165073395,0.012885505333542824,1.0,0.4680419433861971,1.0,0.7910318896174431
PROTEINS,HorizontalRes,GCNConv,3,B2,identity,0.21181559562683105,0.21181559562683105,8.0,558.9244842529297,558.9244842529297,0.27871907874941826,0.7923579216003418,0.04851105122974044,0.10683480650186539,0.0029222602024674416,0.9941250383853912,0.4976454861462116,0.999233067035675,0.7736007906496525
PROTEINS,HorizontalRes,GCNConv,3,B3,identity,0.9487361113230387,1.17256760597229,16.0,1148.525894165039,1148.525894165039,0.2565450767676036,0.7906501889228821,0.030518331720183294,0.06657019257545471,0.004036336205899715,0.9086141122712029,0.4983463082462549,0.9978224900033739,0.6802195580676198
PROTEINS,HorizontalRes,GCNConv,3,B4,identity,1.160367747147878,1.590588092803955,24.0,1637.3801898956299,1637.3801898956299,0.233076898381114,0.7906562089920044,0.01572996568866074,0.03536504507064819,0.0020752556156367064,0.8467365466058254,0.44017383456230164,0.9749660417437553,0.7095863185822964
PROTEINS,HorizontalRes,GCNConv,3,B5,identity,1.149174976348877,1.6926829814910889,32.0,2091.5814819335938,2091.5814819335938,0.21483429241925478,0.7884058952331543,0.019791131545072095,0.05024867132306099,0.00021442693832796067,0.8154775094985962,0.44369036331772804,0.9654723954200745,0.8060373440384865
PROTEINS,HorizontalRes,GCNConv,3,B6,identity,1.4862985968589784,2.019299030303955,40.0,2774.2803993225098,2774.2803993225098,0.25069864590962726,0.7884505987167358,0.014957822713197446,0.04140728712081909,0.0023962496779859066,0.7475214931699965,0.4456025380641222,0.8945201949940788,0.8420904204249382
PROTEINS,HorizontalRes,GCNConv,3,B7,identity,1.5669700985863095,2.426659107208252,48.0,3160.1464805603027,3160.1464805603027,0.2489998127732958,0.7899229526519775,0.019352879785632684,0.06255755573511124,0.002178352791815996,0.7441236620046654,0.42367403395473957,0.9046115218376627,0.7998526655137539
PROTEINS,HorizontalRes,GCNConv,3,B8,identity,1.4327603802084923,2.387622833251953,56.0,3453.784942626953,3453.784942626953,0.2387125106761232,0.7894443273544312,0.020893197023629476,0.06603462994098663,0.0012933402322232723,0.7545951260253787,0.459685031324625,0.9254432832822204,0.796394869685173
PROTEINS,HorizontalRes,GCNConv,4,B1,identity,0.0,0.0,0.0,0.0,0.0,0.0,0.800000011920929,0.04524170383810997,0.07030975073575974,0.0221234317868948,0.9999997615814209,0.5058857090771198,1.000000238418579,0.724597817286849
PROTEINS,HorizontalRes,GCNConv,4,B2,identity,0.2076409012079239,0.2076409012079239,8.0,651.1661682128906,651.1661682128906,0.3601604774594307,0.7956856489181519,0.020166613798784584,0.08242128044366837,0.004369902890175581,0.9966885447502136,0.5621215552091599,0.9998865127563477,0.7468687351793051
PROTEINS,HorizontalRes,GCNConv,4,B3,identity,0.7348552743593851,0.8536450266838074,16.0,1061.8775787353516,1061.8775787353516,0.24915922495226064,0.7887222170829773,0.012812366424542334,0.057730600237846375,0.002629231894388795,0.928990880648295,0.49445709958672523,0.9987336330943637,0.7149888249114156
PROTEINS,HorizontalRes,GCNConv,4,B4,identity,1.1491223375002544,1.5762470960617065,24.0,1837.18599319458,1837.18599319458,0.29834185261279345,0.7934655547142029,0.007920287659258715,0.015546058304607868,0.0015994553687050939,0.8298303037881851,0.46922503411769867,0.9965260177850723,0.7529716901481152
PROTEINS,HorizontalRes,GCNConv,4,B5,identity,1.3348974466323853,1.8758481740951538,32.0,2468.750675201416,2468.750675201416,0.3251917861402035,0.7938883900642395,0.010119728530150687,0.05940190702676773,0.001725447247736156,0.8163195514678955,0.5319566838443279,0.8497221159934998,0.7282727044075727
PROTEINS,HorizontalRes,GCNConv,4,B6,identity,1.7031044244766236,2.4379491806030273,40.0,3390.970588684082,3390.970588684082,0.3354959773520629,0.7932718396186829,0.011798915161075545,0.07820060849189758,0.0020705328788608313,0.7800115810500251,0.516498738899827,0.9567997985415988,0.7987673878669739
PROTEINS,HorizontalRes,GCNConv,4,B7,identity,1.223010227793739,1.612215280532837,48.0,3220.863929748535,3220.863929748535,0.31558433707271305,0.7919671535491943,0.005238779080573911,0.02844344824552536,0.001759073231369257,0.768899248570812,0.523881085216999,0.9767800338414251,0.747533518821001
PROTEINS,HorizontalRes,GCNConv,4,B8,identity,1.6783056110143661,2.6183602809906006,56.0,4901.783790588379,4901.783790588379,0.35375313204713166,0.7941250205039978,0.01601777169436439,0.12710529565811157,0.004298649728298187,0.784852777607739,0.5751464627683163,0.9480686644092202,0.8240481279790401
PROTEINS,MatrixRes,GCNConv,0,B1,identity,0.0,0.0,3.0,366.4553985595703,366.4553985595703,0.4730965569615364,0.7995984554290771,0.08974932396615093,0.2609966993331909,0.009221459738910198,1.0,0.79728177562356,1.0,0.8000801466405392
PROTEINS,MatrixRes,GCNConv,0,B2,identity,0.2916366159915924,0.2916366159915924,20.0,2196.5629291534424,2196.5629291534424,0.4470285456627608,0.7794128656387329,0.048505774503083604,0.1395605206489563,0.0047916751354932785,0.9987200498580933,0.9135743342339993,0.9999321401119232,0.9348918497562408
PROTEINS,MatrixRes,GCNConv,0,B3,identity,1.9868545134862263,2.2791688442230225,37.0,4593.774114608765,4593.774114608765,0.40904975806673366,0.7703810930252075,0.02914420723984087,0.13575544953346252,0.0020000236108899117,0.9851456880569458,0.9028227254748344,0.998780800236596,0.9498979598283768
PROTEINS,MatrixRes,GCNConv,0,B4,identity,2.843696633974711,3.882962942123413,54.0,6424.918684005737,6424.918684005737,0.40486511597409847,0.7754322290420532,0.03375454189788018,0.1786007434129715,0.002582494867965579,0.9644678495824337,0.9137229807674885,0.9940218888223171,0.963545024394989
PROTEINS,MatrixRes,GCNConv,0,B5,identity,3.099298965930939,4.131872653961182,71.0,7892.787566184998,7892.787566184998,0.39598817398150765,0.775387167930603,0.032227218040091876,0.27781394124031067,0.001683016074821353,0.9353284955024719,0.9131171144545078,0.9871530437469482,0.9536773636937141
PROTEINS,MatrixRes,GCNConv,0,B6,identity,3.8803239981333415,5.879687786102295,88.0,10413.853649139404,10413.853649139404,0.4128179666275779,0.7739391326904297,0.02247576373880364,0.16936762630939484,0.0006597641622647643,0.9120226982567046,0.9009768776595592,0.938908115029335,0.9159492515027523
PROTEINS,MatrixRes,GCNConv,0,B7,identity,4.647952409017654,7.227272033691406,105.0,13337.452074050903,13337.452074050903,0.4299920686298892,0.7774697542190552,0.01888059997946908,0.2004939764738083,0.0006110920803621411,0.8887057109754912,0.9116567075252533,0.9887654027160333,0.932280644774437
PROTEINS,MatrixRes,GCNConv,0,B8,identity,4.202490610735757,6.502079963684082,122.0,14275.22454071045,14275.22454071045,0.4139181648536275,0.7777323722839355,0.02479397118658022,0.2598802447319031,0.0009617794421501458,0.8693587789312005,0.8824746496975422,0.9413461005315185,0.9460573308169842
PROTEINS,MatrixRes,GCNConv,1,B1,identity,0.0,0.0,3.0,290.0711441040039,290.0711441040039,0.4741549640893936,0.7949991226196289,0.02805380489338528,0.06966332346200943,0.0007822532206773758,1.0000001192092896,0.8123410493135452,1.0,0.7754929643124342
PROTEINS,MatrixRes,GCNConv,1,B2,identity,0.30678582191467285,0.30678582191467285,20.0,2129.501817703247,2129.501817703247,0.47874377854168415,0.7847697734832764,0.03568975857802128,0.12463170289993286,0.005013084039092064,0.9989191293716431,0.9284956492483616,0.9998461008071899,0.910035353153944
PROTEINS,MatrixRes,GCNConv,1,B3,identity,2.141899824142456,2.4286158084869385,37.0,4425.604583740234,4425.604583740234,0.4395538415345881,0.7722930312156677,0.02306740295090195,0.14285330474376678,0.0012333180056884885,0.9853124949667189,0.9129432290792465,0.9992310206095377,0.9280034191906452
PROTEINS,MatrixRes,GCNConv,1,B4,identity,2.644138296445211,3.7913944721221924,54.0,5703.844686508179,5703.844686508179,0.4075033179173867,0.7742008566856384,0.025602731677437467,0.16131426393985748,0.001913597690872848,0.9685074463486671,0.9208710826933384,0.9674554914236069,0.9635934829711914
PROTEINS,MatrixRes,GCNConv,1,B5,identity,3.2297309160232546,4.5545125007629395,71.0,7503.40012550354,7503.40012550354,0.41027753127117955,0.7755604386329651,0.02268162359710956,0.2527160942554474,0.0016792474780231714,0.9326576519012452,0.922033965587616,0.9880667424201965,0.9559686221182346
PROTEINS,MatrixRes,GCNConv,1,B6,identity,3.590243593851725,5.6920247077941895,88.0,9208.267404556274,9208.267404556274,0.4244761675182316,0.7741515040397644,0.016375608831260574,0.19170629978179932,0.0008395998738706112,0.9123067706823349,0.8991473019123077,0.9568789336416457,0.8884794600307941
PROTEINS,MatrixRes,GCNConv,1,B7,identity,4.298875593003773,7.008732318878174,105.0,12242.06927204132,12242.06927204132,0.44177196793967777,0.780479907989502,0.007433769261065902,0.07470933347940445,0.0003231726586818695,0.9012921793120248,0.9191849604249,0.9861875212922389,0.9273438937962055
PROTEINS,MatrixRes,GCNConv,1,B8,identity,4.271154740027019,6.399760723114014,122.0,14006.654537200928,14006.654537200928,0.4505341843081017,0.7812697887420654,0.010965542850404311,0.15344202518463135,0.0005858225049450994,0.8805096549913287,0.9096562676131725,0.8975727977231145,0.9181885495781898
PROTEINS,MatrixRes,GCNConv,2,B1,identity,0.0,0.0,3.0,296.7624969482422,296.7624969482422,0.4487826079130173,0.789930522441864,0.022311142354737967,0.0644170269370079,0.000836265564430505,1.0000001192092896,0.7610258832573891,1.0,0.8192303478717804
PROTEINS,MatrixRes,GCNConv,2,B2,identity,0.3294467329978943,0.3294467329978943,20.0,2329.715410232544,2329.715410232544,0.4605886563658714,0.781873345375061,0.03921387018635869,0.16875112056732178,0.0053116981871426105,0.9987349659204483,0.9057167656719685,0.9998923242092133,0.9292164742946625
PROTEINS,MatrixRes,GCNConv,2,B3,identity,2.1190630992253623,2.52401065826416,37.0,4624.274711608887,4624.274711608887,0.41345673319366244,0.777073860168457,0.009664123545883706,0.03075091913342476,0.00114431360270828,0.9861352112558153,0.9137157946825027,0.9996439549658034,0.9391763396561146
PROTEINS,MatrixRes,GCNConv,2,B4,identity,3.2868394255638123,4.286449432373047,54.0,6756.952568054199,6756.952568054199,0.44084581009422735,0.7786543369293213,0.024231523504879858,0.14606398344039917,0.0018793776398524642,0.9666456319391727,0.9222914278507233,0.9899798333644867,0.9542023986577988
PROTEINS,MatrixRes,GCNConv,2,B5,identity,3.2810932755470277,4.498509883880615,71.0,8053.015146255493,8053.015146255493,0.4199252396325271,0.7767341136932373,0.020120979072850976,0.16337566077709198,0.000998912611976266,0.9427430725097656,0.9143847264349461,0.9946530103683472,0.9367361329495907
PROTEINS,MatrixRes,GCNConv,2,B6,identity,3.5049392620722455,5.171712875366211,88.0,9571.95997428894,9571.95997428894,0.3872588262996739,0.7718586325645447,0.013835432072964442,0.11395730823278427,0.0008208698709495366,0.906681380338139,0.8962177634239197,0.9469845758544074,0.9168714992702007
PROTEINS,MatrixRes,GCNConv,2,B7,identity,5.066150426864624,8.310934066772461,105.0,14184.134267807007,14184.134267807007,0.46670273361461506,0.7796450257301331,0.011104483001518175,0.11289918422698975,0.0003886151243932545,0.8962958260458342,0.9100931994616985,0.9910440505767355,0.9230677112936974
PROTEINS,MatrixRes,GCNConv,2,B8,identity,3.1698545004640306,4.573502063751221,122.0,11796.694425582886,11796.694425582886,0.36953732810604073,0.7718201875686646,0.014933985049850237,0.1934664398431778,0.001083464827388525,0.876059714704752,0.8897344619035721,0.9773239232599735,0.9468256384134293
PROTEINS,MatrixRes,GCNConv,3,B1,identity,0.0,0.0,3.0,280.20458221435547,280.20458221435547,0.4281277358531952,0.7877825498580933,0.033597965936430475,0.0828605443239212,0.006556564010679722,1.0,0.7685449942946434,1.0,0.8427269198000431
PROTEINS,MatrixRes,GCNConv,3,B2,identity,0.326437383890152,0.326437383890152,20.0,2161.776975631714,2161.776975631714,0.46738581545650953,0.7832845449447632,0.079157586760917,0.2331627607345581,0.0015795172657817602,0.9984990358352661,0.9240967556834221,0.9993310421705246,0.9083283618092537
PROTEINS,MatrixRes,GCNConv,3,B3,identity,2.4078245162963867,2.758472442626953,37.0,4988.012701034546,4988.012701034546,0.46000449251797465,0.7816869616508484,0.03657440647172431,0.1977023035287857,0.002210897859185934,0.9870248768064711,0.9267940856516361,0.9981324606471591,0.9489124193787575
PROTEINS,MatrixRes,GCNConv,3,B4,identity,2.895024220148722,3.9216463565826416,54.0,5812.722494125366,5812.722494125366,0.4147196218371391,0.7787977457046509,0.031974230696713284,0.18546795845031738,0.0019111275905743241,0.9646212495863438,0.9254169054329395,0.984128512442112,0.9640899114310741
PROTEINS,MatrixRes,GCNConv,3,B5,identity,3.505269765853882,4.835545063018799,71.0,7685.071207046509,7685.071207046509,0.39782369715472066,0.7760105133056641,0.023176002397396884,0.13723035156726837,0.0014489325694739819,0.9336312007904053,0.9150388315320015,0.964970440864563,0.9353596046566963
PROTEINS,MatrixRes,GCNConv,3,B6,identity,3.549186340967814,5.512329578399658,88.0,9582.311195373535,9582.311195373535,0.4222398197692301,0.7757863998413086,0.029425570442268224,0.33166900277137756,0.00118446780834347,0.9283612916866938,0.9084724560379982,0.9783641629748874,0.8742934912443161
PROTEINS,MatrixRes,GCNConv,3,B7,identity,4.717216945829845,7.487674713134766,105.0,12814.306067466736,12814.306067466736,0.4553234257690963,0.7804839611053467,0.026374017638233254,0.2590203881263733,0.001031058724038303,0.8953329993754017,0.9176032990217209,0.9821629998635273,0.8871405459940434
PROTEINS,MatrixRes,GCNConv,3,B8,identity,3.9217304374490465,5.639434337615967,122.0,12622.953910827637,12622.953910827637,0.4211206722228477,0.7775998711585999,0.02059228958582867,0.19572757184505463,0.0008475338108837605,0.8755179010331631,0.9196332953870296,0.910183641128242,0.9162602946162224
PROTEINS,MatrixRes,GCNConv,4,B1,identity,0.0,0.0,3.0,351.3186798095703,351.3186798095703,0.5178754329681396,0.800411581993103,0.06043949147517031,0.13944357633590698,0.009255748242139816,1.0,0.8330627493560314,1.0,0.9059367217123508
PROTEINS,MatrixRes,GCNConv,4,B2,identity,0.2979188561439514,0.2979188561439514,20.0,2502.106517791748,2502.106517791748,0.5070239597310623,0.7886770963668823,0.026116895183038554,0.11983036994934082,0.0005501926643773913,0.9992594122886658,0.9391380585730076,0.9997940361499786,0.9860666990280151
PROTEINS,MatrixRes,GCNConv,4,B3,identity,2.1832489172617593,2.7313477993011475,37.0,5260.355735778809,5260.355735778809,0.48426209994488284,0.7848486304283142,0.048687236495660965,0.4447518289089203,0.003158415202051401,0.9935720430480109,0.9339362382888794,0.9992081589168973,0.978682205080986
PROTEINS,MatrixRes,GCNConv,4,B4,identity,4.215048134326935,5.787287712097168,54.0,8470.035322189331,8470.035322189331,0.5243717065701883,0.7878054976463318,0.02095755740135376,0.2575296461582184,0.0017310198163613677,0.9733343049883842,0.9148957580327988,0.9958764798939228,0.963452335447073
PROTEINS,MatrixRes,GCNConv,4,B5,identity,3.9634696006774903,5.763970851898193,71.0,9522.416585922241,9522.416585922241,0.4950634297728539,0.7848848104476929,0.008733753560295026,0.0989932045340538,0.0005865785642527044,0.9484306597709655,0.9394853748381138,0.9893165135383606,0.9356039576232433
PROTEINS,MatrixRes,GCNConv,4,B6,identity,4.352699136734008,6.957204818725586,88.0,11367.888702392578,11367.888702392578,0.48980900436225866,0.7829456329345703,0.008930567752423823,0.09112989157438278,0.0006294834893196821,0.9273609883255429,0.9218767024576664,0.996076418293847,0.9396588318049908
PROTEINS,MatrixRes,GCNConv,4,B7,identity,5.525834537687755,7.924955368041992,105.0,16097.537408828735,16097.537408828735,0.5146862749542509,0.7864000797271729,0.011569112043539694,0.1335998922586441,0.0004113647446502,0.8925940406565763,0.9296205416321754,0.9806252657150736,0.9382287375628948
PROTEINS,MatrixRes,GCNConv,4,B8,identity,4.27424960902759,6.6516852378845215,122.0,14919.017129898071,14919.017129898071,0.46315013271135574,0.7826846241950989,0.01114329712816389,0.154993936419487,0.0005117305554449558,0.8943740418180823,0.932365033775568,0.9748087143525481,0.9534028396010399
PROTEINS,MatrixResGated,GCNConv,0,B1,sparse,0.0,0.0,3.0,325.44415283203125,259.7629928588867,0.3396638557314873,0.8013498783111572,0.08075063781474125,0.23954182863235474,0.00449191452935338,0.9999998211860657,0.7523503340780735,1.0,0.7817673720419407
PROTEINS,MatrixResGated,GCNConv,0,B2,sparse,0.3960818946361542,0.3960818946361542,20.0,1810.6342334747314,1448.12571144104,0.33109460522731143,0.7833922505378723,0.04297478202926485,0.11377089470624924,0.0036239088512957096,0.9947835952043533,0.8460476286709309,0.9999498724937439,0.9281769506633282
PROTEINS,MatrixResGated,GCNConv,0,B3,sparse,1.2781010468800862,1.334160327911377,37.0,3597.040687561035,2959.9804611206055,0.3037290626102023,0.7789855599403381,0.04286810952126635,0.18075671792030334,0.0007443283102475107,0.9741921093728807,0.8652204908430576,0.9988107283910116,0.9378414042294025
PROTEINS,MatrixResGated,GCNConv,0,B4,sparse,2.0725013812383017,2.892017126083374,54.0,5432.877279281616,4532.540363311768,0.2831884768481056,0.7862699627876282,0.029029942762904933,0.12767380475997925,0.0024391121696680784,0.9476351849734783,0.8581961616873741,0.9886543788015842,0.9760205671191216
PROTEINS,MatrixResGated,GCNConv,0,B5,sparse,1.8380217552185059,2.530423879623413,71.0,5737.984039306641,4648.539530754089,0.24295489047964414,0.7814944982528687,0.035589198403190386,0.18197056651115417,0.0019213876221328974,0.9004646611213684,0.8610377050936222,0.9868813276290893,0.9335409291088581
PROTEINS,MatrixResGated,GCNConv,0,B6,sparse,2.4307249546051026,3.4538633823394775,88.0,7960.611268997192,6469.541549682617,0.2842655479080147,0.7819163203239441,0.0354943816029631,0.21222691237926483,0.0020988425239920616,0.8862526598903868,0.8700963295996189,0.9797383712397681,0.9215469174087048
PROTEINS,MatrixResGated,GCNConv,0,B7,sparse,2.6922806728453863,4.129119396209717,105.0,9226.581552505493,7576.889254570007,0.25972272777663813,0.780742347240448,0.02689327606220998,0.1779700070619583,0.0007534414762631059,0.8174617789229568,0.8518215902149677,0.9890769111866854,0.9377460442483425
PROTEINS,MatrixResGated,GCNConv,0,B8,sparse,2.5557398881231035,3.549083709716797,122.0,11045.303480148315,9049.113156318665,0.2774576592491939,0.7867313623428345,0.024655819696777347,0.2186330109834671,0.0015385074075311422,0.8178805699571967,0.8489412032067776,0.9475171780213714,0.9342957437038422
PROTEINS,MatrixResGated,GCNConv,1,B1,sparse,0.0,0.0,3.0,251.23348236083984,191.4591407775879,0.32699423283338547,0.7929242253303528,0.02874947686425664,0.07825776189565659,0.004104273393750191,1.0,0.7288773320615292,1.0,0.7573945932090282
PROTEINS,MatrixResGated,GCNConv,1,B2,sparse,0.3859165608882904,0.3859165608882904,20.0,1769.67085647583,1414.795244216919,0.356304748604695,0.7885230183601379,0.03740833510987853,0.10362273454666138,0.0067320517264306545,0.9950482547283173,0.8823701404035091,0.9998042583465576,0.9110169634222984
PROTEINS,MatrixResGated,GCNConv,1,B3,sparse,1.339644233385722,1.4945148229599,37.0,3484.6362895965576,2882.2517585754395,0.3064804541981882,0.7807815670967102,0.03026700040047419,0.1272343546152115,0.00017031804600264877,0.976915525065528,0.884090006351471,0.999613364537557,0.9382758066058159
PROTEINS,MatrixResGated,GCNConv,1,B4,sparse,1.9146415889263153,2.409106969833374,54.0,4931.618011474609,4057.6367378234863,0.29583632489666345,0.7865024209022522,0.024007187384579864,0.12049905955791473,0.002909356029704213,0.9586449824273586,0.8703296296298504,0.9811030104756355,0.9663157574832439
PROTEINS,MatrixResGated,GCNConv,1,B5,sparse,1.9732044517993927,3.0429189205169678,71.0,5697.822353363037,4700.433760643005,0.23948782835155727,0.7791038751602173,0.018610004852742477,0.12431725859642029,0.00124370155390352,0.9024550127983093,0.8546398989856243,0.9905278873443604,0.9342520572245121
PROTEINS,MatrixResGated,GCNConv,1,B6,sparse,2.1595006863276165,3.1778650283813477,88.0,7058.495401382446,5667.555527687073,0.28521769899461,0.7802566289901733,0.019431667016618245,0.13209016621112823,0.0010750633664429188,0.8533428311347961,0.8635464981198311,0.9156856189171473,0.8964692652225494
PROTEINS,MatrixResGated,GCNConv,1,B7,sparse,2.6576163939067294,3.9450857639312744,105.0,9006.101541519165,7384.866683959961,0.28448827416591704,0.7823586463928223,0.015195969872026689,0.1422845721244812,0.0009360337280668318,0.8286139697444682,0.860811997205019,0.9720603677691245,0.9218063987791538
PROTEINS,MatrixResGated,GCNConv,1,B8,sparse,2.7120581098965237,3.885803699493408,122.0,10377.741609573364,8488.684025764465,0.28367540153364346,0.7882667183876038,0.013072763764257752,0.1179378405213356,0.0009033085079863667,0.8019813112914562,0.8655492626130581,0.9393632896244526,0.9235001280903816
PROTEINS,MatrixResGated,GCNConv,2,B1,sparse,0.0,0.0,3.0,278.2059020996094,216.21116638183594,0.3173059895634651,0.7915478944778442,0.020479374840347606,0.04181908443570137,0.0007279536221176386,0.9999999403953552,0.7172037959098816,1.0,0.8224900588393211
PROTEINS,MatrixResGated,GCNConv,2,B2,sparse,0.4101378321647644,0.4101378321647644,20.0,2032.2113037109375,1665.3385276794434,0.35265809421737987,0.7910196185112,0.03592166177144176,0.09140299260616302,0.008392884396016598,0.9958422034978867,0.8718334548175335,0.9998616278171539,0.9423994645476341
PROTEINS,MatrixResGated,GCNConv,2,B3,sparse,1.3896852334340413,1.513917326927185,37.0,3641.1900215148926,3021.328577041626,0.29844072659810383,0.781939685344696,0.03706033896930792,0.13109035789966583,0.003951952327042818,0.9742098384433322,0.8751982226967812,0.998003257645501,0.9242158718407154
PROTEINS,MatrixResGated,GCNConv,2,B4,sparse,1.942334920167923,2.4584999084472656,54.0,5041.807788848877,4145.259195327759,0.2843678491810958,0.7835940718650818,0.02506185030963804,0.12210255116224289,0.0026505945716053247,0.9559745565056801,0.8673402704298496,0.9918013289570808,0.965400468558073
PROTEINS,MatrixResGated,GCNConv,2,B5,sparse,2.055866706371307,2.8839962482452393,71.0,6292.966979980469,5217.370321273804,0.2523729656140009,0.7823469042778015,0.027695878652509217,0.15796302258968353,0.0023170295171439648,0.9167938542366028,0.8575476035475731,0.9917049384117127,0.9345963187515736
PROTEINS,MatrixResGated,GCNConv,2,B6,sparse,2.05382981300354,2.7607297897338867,88.0,7078.207950592041,5745.510280609131,0.24349482936991582,0.7823965549468994,0.022524853259799818,0.13318315148353577,0.002138488693162799,0.8547802004549239,0.8551309891045094,0.9775340656439463,0.9329380467534065
PROTEINS,MatrixResGated,GCNConv,2,B7,sparse,3.193248544420515,4.943906784057617,105.0,10301.885311126709,8617.06335735321,0.28646192499214695,0.7836097478866577,0.01471351252047945,0.10623691976070404,0.0012193898437544703,0.8305284952630803,0.8569638095796108,0.9902988270837434,0.9118657819926739
PROTEINS,MatrixResGated,GCNConv,2,B8,sparse,2.361580044031143,3.149773597717285,122.0,9939.918773651123,8075.776898384094,0.25382728291830675,0.7837763428688049,0.009176595232088063,0.08220205456018448,0.0010155403288081288,0.8085588710382581,0.8699852004647255,0.9278748463839293,0.9452120698988438
PROTEINS,MatrixResGated,GCNConv,3,B1,sparse,0.0,0.0,3.0,258.31880950927734,199.56966400146484,0.2971794232726097,0.7953459620475769,0.05350954860279506,0.1493304818868637,0.00480297626927495,1.0,0.726332537829876,1.0,0.8816557638347149
PROTEINS,MatrixResGated,GCNConv,3,B2,sparse,0.4050390422344208,0.4050390422344208,20.0,1800.8340950012207,1447.214931488037,0.3418011072402199,0.7875364422798157,0.05230669701766027,0.13215646147727966,0.003261815756559372,0.9949738085269928,0.8598382137715816,0.999022051692009,0.9180805832147598
PROTEINS,MatrixResGated,GCNConv,3,B3,sparse,1.345421314239502,1.544638991355896,37.0,3633.6021213531494,3020.8563175201416,0.31459121302598053,0.7866568565368652,0.03325425296228517,0.14690232276916504,0.0038196018431335688,0.9835711254013909,0.8945866674184799,0.9985766410827637,0.9563975781202316
PROTEINS,MatrixResGated,GCNConv,3,B4,sparse,1.7292937437693279,2.175504207611084,54.0,4539.621475219727,3702.1394691467285,0.26631565305093924,0.7856127619743347,0.058084642448063405,0.30302441120147705,0.005074667278677225,0.960471373051405,0.8715173676609993,0.9920990765094757,0.9538379982113838
PROTEINS,MatrixResGated,GCNConv,3,B5,sparse,1.9907849192619325,2.69008207321167,71.0,5615.482437133789,4565.5710735321045,0.24693579280128083,0.7802115678787231,0.028891561260490223,0.13850809633731842,0.0022978659253567457,0.9127216863632203,0.8557566553354263,0.9705016255378723,0.94464161247015
PROTEINS,MatrixResGated,GCNConv,3,B6,sparse,2.2256328503290814,3.155679225921631,88.0,7158.506683349609,5804.270267486572,0.2649930815315909,0.7833913564682007,0.06144857820233002,0.4399954378604889,0.004529052414000034,0.8650282439258363,0.8714067786931992,0.9898823135428958,0.8820381052792072
PROTEINS,MatrixResGated,GCNConv,3,B7,sparse,2.77720015957242,4.156378269195557,105.0,9157.21690940857,7490.821197509766,0.28862602397622095,0.7843572497367859,0.030175014967256684,0.23726895451545715,0.002265679882839322,0.831070813597465,0.8708580657839775,0.9882394756589618,0.8950412087142467
PROTEINS,MatrixResGated,GCNConv,3,B8,sparse,2.2289538042885915,3.3887126445770264,122.0,8942.812536239624,7150.423306465149,0.2447535443973417,0.7802892923355103,0.024767844830014145,0.18630893528461456,0.0015668573323637247,0.8030854184180498,0.8655796274542809,0.9594169752672315,0.9376876093447208
PROTEINS,MatrixResGated,GCNConv,4,B1,sparse,0.0,0.0,3.0,329.8177185058594,259.28035736083984,0.3893839791417122,0.8017678260803223,0.021412019490857016,0.04999573156237602,0.0019958047196269035,0.9999999403953552,0.7634249702095985,1.0,0.8062085770070553
PROTEINS,MatrixResGated,GCNConv,4,B2,sparse,0.362264484167099,0.362264484167099,20.0,1993.5383644104004,1605.3876514434814,0.36068237821261084,0.7924013733863831,0.051081403486406135,0.19708041846752167,0.00028496579034253955,0.9972030520439148,0.8941052667796612,0.9995521903038025,0.9628549963235855
PROTEINS,MatrixResGated,GCNConv,4,B3,sparse,1.4244267145792644,1.6593044996261597,37.0,4111.4195556640625,3442.775608062744,0.3372702991796865,0.7882304191589355,0.014444463118841802,0.08870799094438553,0.0013451570412144065,0.9862955345047845,0.8967956267297268,0.9991571307182312,0.9556340575218201
PROTEINS,MatrixResGated,GCNConv,4,B4,sparse,2.0826524098714194,2.7857627868652344,54.0,5428.179727554321,4467.628578186035,0.324608192499727,0.7901813387870789,0.028863246299858605,0.21006366610527039,0.002872798126190901,0.9540612511336803,0.8846737444400787,0.993142731487751,0.9718806222081184
PROTEINS,MatrixResGated,GCNConv,4,B5,sparse,2.5567870140075684,4.006047248840332,71.0,7287.186407089233,6021.7367696762085,0.32868386529386046,0.7899520993232727,0.007577884712169857,0.0524204783141613,0.0006871033110655844,0.9218246984481812,0.8990370817482471,0.9965117120742798,0.9247831404209137
PROTEINS,MatrixResGated,GCNConv,4,B6,sparse,3.0428259929021197,4.587771892547607,88.0,9152.484497070312,7523.578769683838,0.34407702804439594,0.7898200750350952,0.022547191867203106,0.233114555478096,0.001231582136824727,0.8758768356508679,0.8971917107701302,0.9839338130421109,0.9405747875571251
PROTEINS,MatrixResGated,GCNConv,4,B7,sparse,3.5021335624513172,5.363805770874023,105.0,11232.967525482178,9311.104612350464,0.34555996917188164,0.7878825664520264,0.016179180363690385,0.14609667658805847,0.0006738489610143006,0.8056959899104371,0.8775338903069496,0.9315780084960315,0.9140438288450241
PROTEINS,MatrixResGated,GCNConv,4,B8,sparse,4.819779068231583,7.143184185028076,122.0,16617.904579162598,14149.7225856781,0.41995175651585054,0.7938549518585205,0.034694426804224944,0.6379221081733704,0.002511987928301096,0.8376939259469509,0.9136613495647907,0.9811507500708103,0.9635204523801804
PROTEINS,Plain,GCNConv,0,B3,identity,1.1738551060358684,1.3712447881698608,0.0,0.0,0.0,0.0,0.800000011920929,0.031792237960661836,0.1021808385848999,0.004001530818641186,0.7355797423256768,0.4669406656175852,0.9452294641070895,0.791826881468296
PROTEINS,Plain,GCNConv,1,B3,identity,1.0449924270311992,1.0937823057174683,0.0,0.0,0.0,0.0,0.800000011920929,0.010391338656728085,0.023330284282565117,0.0041044182144105434,0.6801247464285957,0.48280248418450356,0.9468581279118856,0.7470914721488953
PROTEINS,Plain,GCNConv,2,B3,identity,1.0068530042966206,1.0256959199905396,0.0,0.0,0.0,0.0,0.800000011920929,0.008785622185454346,0.016972947865724564,0.002726157894358039,0.6817651788393656,0.46531964652240276,0.7410039107004801,0.8988998271524906
PROTEINS,Plain,GCNConv,3,B3,identity,1.2009503841400146,1.3090612888336182,0.0,0.0,0.0,0.0,0.800000011920929,0.026832451936430655,0.07231620699167252,0.00872240960597992,0.6617717411783006,0.47537765838205814,0.9224983851114908,0.8252115957438946
PROTEINS,Plain,GCNConv,4,B3,identity,1.1609127124150593,1.3177921772003174,0.0,0.0,0.0,0.0,0.800000011920929,0.007425399389691078,0.022841984406113625,0.0034503554925322533,0.7043799890412225,0.5189022701233625,0.8899899654918246,0.7901478819549084
PROTEINS,VerticalRes,GCNConv,0,B3,identity,1.8501145044962566,1.9551732540130615,9.0,778.4435729980469,778.4435729980469,0.36860552181800205,0.767806887626648,0.027384241275420343,0.08660249412059784,0.0009793268982321024,0.6950572265519036,0.7703195735812187,0.8301739030414157,0.7711558230221272
PROTEINS,VerticalRes,GCNConv,1,B3,identity,1.5974332491556804,1.7760307788848877,9.0,513.5979385375977,513.5979385375977,0.2767631784081459,0.7022165060043335,0.012854214516226892,0.03379907086491585,0.00279178936034441,0.645940105120341,0.77884766086936,0.6998071405622694,0.9094380289316177
PROTEINS,VerticalRes,GCNConv,2,B3,identity,1.71410075823466,1.7260695695877075,9.0,689.9472961425781,689.9472961425781,0.34356845418612164,0.7690476775169373,0.009428204494287018,0.025546612218022346,0.0021337722428143024,0.6906765964296129,0.8453110083937645,0.9365173313352797,0.8941403813660145
PROTEINS,VerticalRes,GCNConv,3,B3,identity,2.1093873977661133,2.5124781131744385,9.0,794.4737358093262,794.4737358093262,0.37066228439410526,0.7841704487800598,0.02944813784280861,0.10493522882461548,0.003973802085965872,0.6960277027553983,0.8481754623353481,0.8616932762993706,0.9039241001009941
PROTEINS,VerticalRes,GCNConv,4,B3,identity,1.7086657683054607,1.8299777507781982,9.0,832.6854095458984,832.6854095458984,0.4214959641297658,0.7944221496582031,0.012472917541378626,0.046988725662231445,0.0012808868195861578,0.7134698629379272,0.8349393047392368,0.9348196850882636,0.8215010091662407
